id,transcripts
d56bb8ce-ea66-48d3-ac32-be846a858ffa,"afternoon this is दक्षित. I'm here to assist you today. Am I speaking with जी? Ma'am, I have to know about the last my last bill which is paid on sorry ### Ok. Please amount  I have to know the last date of that Please  over the call let me check the details. against which credit card you have to know about it. I can see multiple credit card that is access SBI Yes yes this is 1 I think it is related Axis card. card ending with double ###. Yeah, double ###. The last bill which   was paid of ####. I think it was paid from my Axis Bank का Yes,   exactly. I have to know because I was paid on  ###. But I have to know what was the last bill date मतलब what was the last date of paying the amount of that Please stay over the call. You have paid on second of February and the due date was also second of sorry. Please give the due date also second of sure and I have paid  second of sure. Ok ma'am. Thank you for detail  1 the thing is that I have to know about it. I have to worry about No issues. Ok, that's  all So is there any credit support and what and I have to give the vision support the credit support and credit services. I was so happy about the credit services Ok so before ending this call may I please request for your valuable feedback on the basis of our conversation? Ok ok. Thank you so much. I'll be transferring the call to the feedback IVR where you can select between 1 to 5. Yeah. Yes yes yes. you have a great day ahead. No, thank  ma'am. We request you to rate your experience with our expert on a scale of 1 to 5 with 1 being poor and 5 being excellent. एक Please press the number on your dial pack to to We won't able to register any input. Please rate your interaction with our expert on a scale of 1 to 5 with 1 being poor and 5 being excellent. nan Please press the number on your dial pack to You have just helped us improve the credit experience for all our members. Do reach out again in case of any other concerns. Thank you and have a good day. nan"
5d06be9e-0d42-4cb9-b14a-ac937a55c2da,"Good morning. My name is. I am here to assist you. Am I speaking with हेमंत? हां, yes madam. you for confirming your name विमल. As I can see you have raised a concern regarding the payment of rupees ### and you have used credit balance of rupees 2 and the total amount you have paid ####  towards in then get lender on हां. first of part using your HDFC cred UPI. Ok. मैं देख पा रही हूं आपके end से हमारी end से जो है payment 1 march  आपने payment की  mark  settle हो चुकी है Indian gas cylinder क्या अभी तक reflect नहीं कर रहा है amount, correct? उसके लिए आपने हमें screenshot भी share करा है जो आपके Indian gas lender के portal  में payment reflect नहीं हो रही जी. जी बिल्कुल समझ पा रही हूं हेमंत. माफी चाहूंगी असुविधा के लिए  धन्यवाद जो document है  share करने के लिए मैं आपका concern जो highlight कर देती हूं अपनी end से अपनी internal team को Ok. आप call पर बने रहिए मैं highlight कर देती हां जी. nan nan कोई nan हो जाएगा nan का हो जाएगा. nan हां nan nan nan Call पर बने रहने के लिए धन्यवाद हेमंत माफ़ी चाहूंगी लंबे hold के हां जी जी मैंने आपका concern highlight कर दिया अपनी internal team को जो maximum time frame मुझे receive हुआ internal team से वह बारह पांच तक का हुआ Madam बारह March it is too long Yes, I can totally understand हेमंत and really apologize. but  this is the maximum time frame as soon as possible. if you will receive any update from our internal team, we will provide you the same update through the WhatsApp and on your credit application as well. no problem but what I am telling you आपके जो credit website पर लिखा था 48 hours में निकाल देंगे फिर solution  अभी तक आप बारह तारीख होता यह यह बात है. जी मैं आपको बता देती हमारी end से आपका payment settle हो चुका है. तो जो हमारी team  internal team वह अपने end से validate करेंगे आपके document और  bank के end पर confirm करेंगे कि आपकी जो payment वह reflect क्यों नहीं हो रही इसलिए वह जब यह चीज़ चीज़  validate करेंगे उसमें थोड़ा वक्त लगता है. इसकी वजह से हमें maximum time frame receive होता है. यह maximum time frame है  आप निश्चिंत रहिए. priority basis  मैंने highlight किया जितनी जल्दी से हो सके  हम आपको same update provide कर देंगे. ठीक है ma'am. Thank और कुछ जानना चाहेंगे आप credit के regarding? Thank you very much. Ok, call को end करने से पहले क्या मैं आपको छोटे से feedback के लिए request कर सकता हूं जिसमें तीन से पांच second का समय लगेगा. जी मैं आपकी call को हमारी feedback IVR पर transfer करूंगी. आप हमारे बातचीत के basis पर एक से पांच तक के beach में rating दे सकते हैं. एक सबसे कम होगा पांच सबसे अधिक होगा. Credit को choose करने के लिए धन्यवाद. आपका दिन शुभ We request you to rate your experience with our expert on a scale of 1 to 5 with 1 being poor and 5 being excellent. You have just."
afd43a69-9107-47ef-82e8-c5ee10c6f910,"nan afternoon. This is  I am here to assist you. Am I speaking with खान? हां, yes sir. sir, good afternoon sir. Yeah. Thank you for the confirmation.  As I can check that you have raised a concern related to issue policy document please tell me problem Yeah sir. Yeah yeah. Yeah. Actually, I have been made  payment through my the vehicle insurance. But I have not yet received any documentation like insurance policy I got call today morning that you have made the some confirmation or something like update and Actually I have made during the payment. So I'm not getting  the I'm getting  confused means what to able to assist Right of the car I do understand your concern. I'm really sorry for the inconvenience caused to you. Please do not worry. I will surely try to help you out with as I can check that you have taken the policy from Acko which is a comprehensive policy for the vehicle number   double 5 Yes, sir. Yeah. 9 double 2. 9 triple  Thank you. Yeah,  9 you for the confirmation. So as I can see the policy is not yet issued because the KYC is still pending. for the completion of KYC, I am sharing you the SMS from my end. On that SMS you will receive a link. Yeah please share me the Ok. And once you will click on that, it will redirect you to the credit application and on the application, you will get an option  add attachment. So by clicking on add attachment. I would request you हां sure ok. I have  attached  that PAN and as well as the No, I would like to inform you  the document that you can share for that the options are आधार card which should be unmarked and password free. or else voter ID card both side or driving license outside or the passport 2 pages Yeah, I have आधार have आधार, I will share that with attachment. Ok, no issues. and I would like to inform you, whichever the document will be sharing on that particular document your father name or your mother's name should be mentioned. ठीक है. Ok sir, ok ok. Ok. So, I have already shared you the ok. Thank please share me the Yeah, already shared you the SMS. Could you please confirm me? Have you received You have already been shared. please Yeah   yeah. I got Ok sir. Alright.  So you're most welcome. So is it possible that you can share it right now on the call? Yeah yeah, please share  share the Alright, please do share the document I'm on the call, if you face any issue please do No no no, actually I am making  with my some other person. हां, I will share that late answer. Ok, no issues. If I get any query, I will again call this No issues. once you share the document Sure. Once you share the document our team will get back to you on the Please do not Ok. Apart from this, anything else I can help you regarding No no, nothing sir, nothing thank Alright. So before we end this call, may I request you to share your valuable feedback on the basis of our conversation.  Just take a ठीक है, ok. Awesome. I'm transferring your call to the feedback IVR where you can select between 1 to 5, 5 being excellent and 1 being 4. Thank you for choosing Cred. I hope you have a great We request you to rate your experience with our expert on a scale of 1 to 5. में change किया  गया था  bank"
33170b25-9aca-401c-b620-3fcf3498ea5c,"Good morning. This is साहिल. I'm here to assist you today. Am I speaking with अश्विन Yes hi. dear my order details you for confirming. Yes you have selected 1 order which name of all. Yeah, like long back I tried to yes yes return Still it's every time the guy is coming and just reading is saying he is on a bike whenever the bank comes you can send it, but  whenever came. Ok. Yes. Thank you for confirming Yeah, all next product  Still  still  Ok. Thank you for confirming me अश्विन. I'm sorry for the inconvenience caused to you. Please do not worry. I'm here to help you. Ok? Please do not worry. As I can check in the details that the concern was already forwarded to the internal team regarding your issue, ok? And it was the pickup was canceled that all the attempts were extend customer. Yeah. So the person 1 minute. Yes, correct. Yes, am I audible? nan Yes, as I can check  the details, your concern was already forwarded to the internal team. regarding your pickup was not done within the timeline it was the timeline has been exceeded So the update is came 5 days ago, and we and we have shared you the update that the pickup was canceled as all the attempts were sorted and the customer was not available at the time of the pickup It was rescheduled every single time. It is rescheduled Yeah. I have  I have shared in the reschedule OTP also you want to get on the screenshot. of the rescheduling OTP. Ok. You are confirming me,  it was previously rescheduled That's why it is the timeline has been reached. Right? Yeah, every time the guy came he told he is on a mode cycle for a delivery he can't take this such a big parcel. all he will tell it to the office  Yeah somebody who has  manual come. Ok. no 1 came for the no 1 came for the they came for a pickup, but they told they can't take it back. and yes Yes, I'm listening to you. Please continue. they came for a pickup, they told he is on a motor cycle, we won't be able to take it on a motor cycle, he said when the bank come you can send it on the So he reschedule it every time and then every time he was coming on the the same guy was coming. Ok. Thank you for confirming me. Right? Ok. regarding this, I'm I'm merge your  ticket with the new 1.  for to our confusion. ok? And I'm forwarding your forwarding your concern to the internal team. Ok? So the internal team will reinvesting and we will get back to you with an update. within next 48 hours  WhatsApp notification or you can also check the update in the support section of your credit app, ok? Ok.  Anything else apart from this? No if you want  there is a nearby  we can also drop it  been like line for such a long so many days it's been Ok, no problem. kindly wait for the rate रवि. Ok ok thank Ok. Before we end this call, You're welcome. Before we end this call, may I request you to share your valuable feedback on the basis of our conversation? Ok. Right now, I'm forwarding your call to our feedback IVR where you can select between 1 to 5. 5 being excellent and 1 being poor. Thank you for choosing Cred. I hope you have a great time We request you to rate your experience with our expert on a scale of 1 to 5 with 1 being poor and 5 being excellent. Please press the number on You have just helped us improve the credit."
11520c16-512e-41c8-b28e-f4f7494b3636,"Very good evening. This is शशि. I'm here to assist you today. Am I speaking with सूरज? Thank you for confirming. I can see your request is regarding the withdrawal of cash. Could you please elaborate the issue so that I can help you regarding the No, I actually asked for a withdrawal of ###and I completed  person came and actually uploaded my pan card and all and photo and also took but my KYC but till now the amount I could not withdraw your KYC First of all, sorry for the inconvenience caused. as you said your KYC has been successfully done. Yes. Actually, that person told me that your KYC is complete and then it went into process but now amount has not come. Ok, so sorry for the issue have been faced. As I can check from my side, you have tried to withdraw ###of the cash, right? Yes yes. it's instant fourth mark 6 45 PM just try to हां. and I can see that this process has been still in processing mode. but I can't see anything or  in my Yes, I could understand but in our side I can see the amount is in processing mode and hence you have didn't received the fund right now. So I would like to wait I would like to request you to wait till 24 hours to get updated for that. Because  this is a rare site where the cash has not been going through account immediately as  always Ok ok. was amount instantly. But due to some of the issue maybe got stuck  in the processing person I would like to request you for 24 hours when it will be updated if after 24 hours we have didn't receive the So you can contact us back with the statement so we can check and validate that the issue has occur how Is there anything else I can help with you today? No no, nothing. Great, before we end this call, may I request you to share your valuable feedback basis on our conversation? nothing. this is a good conversation. Ok. Just I will transfer your call to the IVR feedback where you can have to select 1 to 5 where 5 is being excellent and 1 mean you for choosing Cred. I hope you have a great day. Thank We request you to rate your experience with our expert on a scale of 1 to 5 with 1 being poor and 5 being excellent. Please press the number on your dial pack to You have just helped us improve the credit experience for all our members. Do reach out again in case of any other concerns. Thank you and have a good day."
727a8769-3a93-451d-a837-91f903ddbc0a,"Good morning. This is  I am here to assist you. Am I speaking with रोहित? Hi रोहित. So you have reached out to us with the concern stating that there was a item which you have purchased and you are facing some issues with the Yeah, I have ordered 3 products, still haven't been delivered every time this happened there. Every time Ok. 3 products, 1 is the  other pay. हां, ok. they are not even moving I got a call that they when I have written my correct address They tell me, you don't stay  I mean, Ok. I got your point. Yeah. I mean, you don't know what they  and and then they put a note that the customer on pick up or he was not there. It was nothing I apologize Ok. I really apologize I send car he called me Like up loan call में रहते हैं मतलब I don't  loan It's been a I have already made the payment at least  should see the product is moving or I got your point. I'm sorry for that inconvenience but I will help you out with that please don't worry. I would like to inform you that may be due to some technical issue or the unfortunate issue by the logistics they are not delivering to the product at the particular location. I would request you to please wait. the expected delivery date for for all the 3 items is within fifth and sixth of March. Please wait till sixth of March the logistics will definitely nan nan if it doesn't come on fifth of it, then cancel all the products. Yeah, I cannot wait then I would request you. Ok then I would request you to please reach out to us post sixth of March will help you out by raising the concern to the backend team for further validation. and change the logistics partner because every time from this delivery they have some issues they don't Ok. Ok. deliver they will deliver as per their  that doesn't work with me. you cannot take 10 10 days in today's time to deliver the product. Ok. Definitely. Your correct. where you get in 10 minutes  for 2 days, max  10 days ok. You cannot say that and I have when I have written the address it's not, I am staying in some villa or something saying in Bombay car everyone comes I am sorry for I got your point. I'm sorry for that inconvenience. Please don't worry. I completely take it as a feedback. We'll definitely improve this for the future. Not an issue. Apart from this, is there anything  help But can you check there is not moving also, all the 3 products, I would request you to please wait till sixth of March. will help you out in the concern post expected delivery date Then only we will be getting an option available. Ok. Thank you so much. So is there anything else I may help But put a note also that it's not moving what is the update, ok? They have just left  tracking Ok. it's showing first march but today is only fourth month. Ok. Ok. I take it as a feedback not an issue. Ok. So before we end this call may I request you to share your valuable feedback on the basis of the conversation. Thank you. I'll be transferring the call to the feedback IVR. You can rate between 1 to 5. 1 being poor and 5 being excellent. Thank you for choosing. Hope you have a great day. Yes. We request you to rate your experience with our expert on a scale of 1 to 5 with you have just helped us improve the credit experience for all"
0fb2cc5a-9d80-4510-9239-d58de5c5fcaf,"Good morning and अंशिका I am here to assist you today. Am I speaking to शुभम Yes. Thank you for the name confirmation शुभम. I see that you have raised a concern regarding the outstanding payment or ICICI credit card, right? No. Understood. Very sorry for the inconvenience that you are facing. Don't worry, I'll surely help you out. I have understood your concern शुभम. This ICICI credit card triple 0 9 ending digit We are fetching the statement via SMS all the statement sent to you from your bank side on SMS. We fetched from there and display here. So on the basis of the statement of 20 for with due date  March. Total amount due for this credit card is shown to us 25 20 rupees and 9  0 9  It is showing as full paid. So is it शिवम is it not showing the same in your ICICI credit card application? I'm in the mobile app, Alright. also I see that on 28 say you made the payment of 300 Ok, that is for access card on 28 of day, you made payment towards ICICI 4 double  7. So have you made any recent payment of 2 2  9 पैसे Ok, allow me a moment. I am checking the details. Yeah, शिवम. I see that on 28 February ###pm for this credit card you made the payment of same amount #### rupees  0 9  using 6 rupees from credit balance as well as the payment source was ICICI savings account   ending digit and payment is successfully completed from our side. So it is not reflecting at the biller side. at your sorry, credit card application side. So I would like to ask you but previous payment for this credit card successfully posted and shown to This is the first time it is happening because the payment has been settled but it is not showing in your credit card application. So I would suggest you that you will see UPI ID and BPPS ID for the same transaction of 28 every These are the strong proof that payment has been successfully completed. So I request you kindly communicate with your credit card issue bank on the call will or if you visit them physically you can go ahead. So I am requesting kindly communicate with your credit card issue  bank using this UTR ID and  ID. They will raise the payment for you and update in their systems as well. Because why why the changes happening? I see that payment you made on fourth Saturday and bank fourth Saturday, second Saturday Sunday and bank holiday are not considered as working day by the bank by the bank side and first March was again a banking holiday due to Sunday and third March again it  was a bank holiday that bank holidays. So credit card is  bank are taking transaction plus 2 working days to reflect the payment on their credit card which is ending on the 2 working days are ending today day end. So I'm requesting you kindly wait for today's date. the ending time that is ###PM. till this time your payment should be reflecting in your credit card. Because credit card  bank take the transaction plus 2 working days time frame. So if you face any more discipline further you can raise a call me now request to us. We will surely assist you related to this. Ok? you for understanding related to credit do you have any other concern No no Alright. Alright. So before we end the call, शुभम may I request you for a small feed small feedback based on our conversation? Thank you. I am transferring this call to feedback IVR. You will here a miss generated voice. Kindly from 5 to 1, 5 is for excellent 1 is for  and thank you for choosing Cred शुभम. I wish you and your family members  very happy and safe only. Thank We request you to rate your experience with our expert on a scale of 1 to 5 with 1 being. You have just helped us improve the credit experience for all our members. Do reach out again in case of any other concerns. Thank you and have a good day."
895ec893-7e66-4f0b-8605-2003e06e8a6d,"Good morning. This is. May I assist you today? Am I speaking with ओम? Yes speaking. May I know you nan रंजीत. Yeah, रंजीत. and my car insurance was expiring in 2 days. So I have renewed my car insurance through credit Ok. Ok. Yes, I can see that you have  purchased insurance policy and format today only comprehensive policy by need India for your vehicle number ending with ###. it is not PS. So where I will get that paper insurance paper. getting your concern. Sorry for the inconvenience and I will surely help you out regarding this issue. Actually,  I would like to confirm from you that have you tried doing the KYC process through the credit application. nan KYC process. हां. Yes. I think I have done it Ok. I mean are you facing any issue with that or is it showing successful Yeah it was showing success Ok. Please allow me a moment. I'm checking your details regarding that. And for that, may I please put your call on hold for 1 minute? Yeah yeah, please. Please be on Yes. give  me back to nan regarding your insurance policy, I have actually raised your concern to our internal team regarding your policy activation and would request you to please allow us some time on or before tenth of March You will get  updated from our end. The update for the update you'll receive WhatsApp notification and you may check the exact update in the support section of credit application. Yes yes. But my policy is expiring on sixth ना if you make it  in between how I should manage understanding that your issue.  I can mention here as a note over here that your previous policy  is expiring on sixth of March Actually tenth of March is maximum timeline. And in general it  is not take that much long time. That's why I would request you as early as possible, our team will give you update on this. And as a note also  mentioned that your previous policy is expiring on nan So that our team check into it and add as soon as possible they give you update Thank you so much for your patience. Is there anything else that I can assist you with related to credit Nothing. Thank Welcome and before we end this call may I request you if you can share your valuable feedback on the basis of our conversation? Thank you so much for your feedback I'm transferring this call to feedback IVR and there you can give rating between 1 to 5.  5 is excellent and 1 is 4. Thank you so much for choosing Cred. I hope you have a great day. जो We request you to rate your experience with our expert on a scale of 1 to 5 with 1 being poor and 5 being excellent. You have just helped us improve the credit experience for all our members. Do reach out again in case of any other concerns."
7d2da038-64e0-4380-9c82-7a955e6fe8b3,Good evening this is  I am here to assist you today. Am I speaking with अंदर? जी मैंने payment किया मैं आपका concern समझ पा रही हूं आप please एक बार confirm कर सकते हैं क्या मेरी बात चंद्र से ही हो रही जी नाम confirm करने के लिए धन्यवाद check कर पा रही हूं आपने payment किया था rupees 15000 का. विक्रम सिंह को ऐसा education payment fourth of match payment ICICI के credit card से किया था ending digit है ### जो कि हमारी तरफ से successfully completed हो चुकी है पर अभी तक आपको उसकी confirmation नहीं receive हुई है जी. जी मैं असुविधा के लिए माफ़ी चाहूंगी पर निश्चिंत रहिए हम ज़रूर सहायता करेंगे. मैं आपसे request करूंगी कि आप please 24 hours का wait कर लीजिए. और चौबीस घंटे के अंदर आपको जो है payment की जो confirmation है हमारी तरफ से receive हो जाएगी. मैं आपसे request करूंगी कि आप last time frame का wait कर लीजिए. मैं कोई और सहायता कर सकती हूं आपको credit के regarding? No no ma'am thank you. Welcome आपसे बात करके अच्छा लगा. Call खत्म करने से पहले क्या मैं आपसे एक छोटी सी feedback के लिए request कर सकती हूं बातचीत के basis जी जी जी. जी तो अभी मैं आपके call को feedback IVR पर transfer करूंगी. एक से पांच तक की आप rating दे सकते हैं. एक सबसे कम और पांच सबसे ज़्यादा. Cred को चुनने के लिए धन्यवाद. आपका दिन शुभ हो. We request you to rate your experience with our expert on a scale of 1 to 5 with 1 being poor and 5 being excellent. nan Please press the number on your dial pack to और भी  confirm करना madam. We won't able to register any input. You have just helped us improve the credit experience for all our members. Do reach out again in case of any other concerns. Thank you and have a good day.
a51be59e-cb2a-47fc-8d6c-f9a616b39508,"evening. This is मोहम्मद I'm here to assist you today. Am I speaking with अतुल? Yes. So, I was having an offer of personal loan of BC credit So just wanted to confirm what is the processing fees Yes yes. Ok, as I can check that  limit is given to  from the  bill  finance limited. But you want to know the processing fee. Am I right? Actually actually the processing fee will depend on specific for specific within your app. You can see, we don't have any visibility for that, but you can see in your app whenever trying to withdraw, you can do when you do the every procedure Yes. No, but it is it is just showing me the amount the loan. and there is no mention of processing fees Yes yes I can understand but when you are trying to withdraw you can do the every procedure from your end on the loan  overview that overview page you can see everything from your end. Currently, we don't have any visibility for that, but it's everything systematic all generated. It will depend on specific offers display to you in your application. So  that processing fees would be deducted from my loan amount or before end or it would be how will it be adjusted or it will be adjusted in the first EMI. Yes yes, the amount will be the sanction I mean, the total offer is given to you. Within that amount, the processing fees included and and the normal amount is loan amount will be  loan amount will be transferred to your within that amount. You're most welcome. So is there anything else I can help you with apart from this सु No. Thank So also before we end this call, may I just request you to share a valuable feedback on just basis of our conversation? So I'm transferring your call to our feedback IVR where you can select between 1 to 5. 5 being  being 4. Thanks for choosing I hope you have a wonderful day. Take care. We request you to rate your experience with our expert on a scale of 1 to 5 with 1 being. You have just helped us improve the Cred experience for."
8bdbd2b2-77bb-4ca7-9bf6-576b7c72b041,"Good morning. This is  here. I am calling from Cred on a recorded line. Am I speaking हां जी बताइए. धन्यवाद आपका नाम confirm करने के लिए अंजलि. आपने concern     speak  बात जी जी. हां बताइए ना बताना. वह मुझे मैंने payment कर दिया था तो उसी के regarding मुझे यह जानना था कि उसका जी  धन्यवाद. जी मैं समझ पा रही हूं आपका concern तो मैं देख पा रही हूं आपने second March को जो है loan foreclose किया था वह payment हमें successfully receive हो चुकी है and आपका loan भी जो है वह close हो चुका थोड़ा time nan account ठीक है? तो जैसे कि आप NOC की request कर रहे हैं तो मैं बताना चाहूंगी NOC जो है available होती है after 10 working days जिस दिन आपका loan close हुआ था उस date से 10 working days लगते हैं NOC available होने हां तो मैं request करना चाहूंगी यह please यह timeline तक wait कर लीजिएगा. आप application के द्वारा ही download कर सकते ठीक है    एक काम करिए ना. मुझे वही   मुझे mail पर भी दे दीजिए कि 10 days में आपको reply आ जाएगा. आप मुझे mail पर दे दीजिए तो अगर 10 days में नहीं आया तो तो मैं अभी मैं उसी mail पर एक बार   कर लूंगा आप लोगों को अगर नहीं बताया तो. ठीक हां जी, 10 working days, हां जी ज़रूर. जी sir.  बिल्कुल मैं कर सकते आप मुझे एक बार mail कर दीजिए Sure अंकुर जी यह 10 working days है. ठीक है? इसमें bank holidays include नहीं होता है. तो यह   same confirmation  जो है हां वह मैं समझ गया वह मैं समझ गया वह मैं समझ गया यही same चीज़ आप मुझे mail पर दे दीजिए मैं समझ गया 10 working days जो आपका official working time working day  ही होता है. ठीक है? आप मुझे mail पर दे दीजिए ना तो मैं एक बार 10 days बाद अगर नहीं आता तो मैं at least उसी पर mail कर लूंगा top up करके Sure, definitely. Sure अंकुर जी बिल्कुल मैं कर सकती हूं आपकी email ID  dot   rate Gmail dot com. Please please. निशांत निशांत  dot दिखा at the at  Gmail dot हां जी, हां जी, धन्यवाद confirm करने के लिए. मैं कोशिश कर immediately आपको mail share कर देती हूं Please please ma'am. Ok. Thank you. जी. इसके अलावा और कोई अन्य जानकारी जिसमें मैं आपकी मदद कर सकूं. नहीं नहीं जी धन्यवाद आपके kind understanding के लिए. इस call को end करने से पहले क्या मैं आपका call एक छोटे से feedback IVR पर transfer कर सकता Thank feedback इसमें क्या ही होगा कोई ऐसा तो कुछ नहीं. ठीक है आप कर जी जहां आप हमारी बातचीत के basis पर rate कर सकते हैं एक से पांच के beach में. एक सबसे कम रहेगा पांच सबसे ज़्यादा ठीक है, ठीक है. Ok. को choose करने के लिए धन्यवाद. आपका दिन शुभ Thank you. We request you to rate your experience with our expert on a scale of 1 to 5. You have just helped us improve the credit experience for all our members. Do reach out again in case of any other concerns. nan Thank you and have a good day."
fda7f28e-510d-470a-ab70-907dc354da50,"Good afternoon. This is शंकर calling from Cred on a recorded line. Am I speaking with स्वरूप? Good afternoon. This is शंकर calling from Cred on a recorded line. Am I speaking with स्वरूप? जी हां. जी हां. जी, का नाम confirm करने  धन्यवाद  जी. जैसे कि हमारे पिछले call के  हिसाब है. मैंने आपको नौ तारीख की date बताई थी refund update की  मैं बेहद माफ़ी चाहूंगा अगर information के लिए. जैसे कि यहां पर अभी हमने update किया है अपने  समय तो हम लोगों को दस तारीख की date दिखा रहा है कि वह maximum time frame जी, का नाम confirm करने  धन्यवाद  जी. जैसे कि हमारे पिछले call के  हिसाब है. मैंने आपको नौ तारीख की date बताई थी refund update की  मैं बेहद माफ़ी चाहूंगा अगर information के लिए. जैसे कि यहां पर अभी हमने update किया है अपने  समय तो हम लोगों को दस तारीख की date दिखा रहा है कि वह maximum time frame जी. जी. क्योंकि bank holidays यह सब मिला कर और  usually हमारे जो payment होती है refund होता है वह जल्दी से जल्दी क्योंकि bank holidays यह सब मिला कर और  usually हमारे जो payment होती है refund होता है वह जल्दी से जल्दी try करते हैं कि जल्द से जल्द आपको आपकी तरफ हो जाए. पर अभी कुछ technical  की वजह से try करते हैं कि जल्द से जल्द आपको आपकी तरफ हो जाए. पर अभी कुछ technical  की वजह से जी हो जाती है हम बेहद माफ़ी चाहते हैं उसके लिए और bank holidays  से मिला कर आपका जो बंदा है time frame वह है दस दस March जी हो जाती है हम बेहद माफ़ी चाहते हैं उसके लिए और bank holidays  से मिला कर आपका जो बंदा है time frame वह है दस दस March जी. जी. Just Just नौ तारीख को मैंने बताया थी वह  गलत बता दीजिए मैं बेहद माफ़ी चाहता हूं चीज़ के लिए  जी और दस तारीख है जो हमारा maximum time frame नौ तारीख को मैंने बताया थी वह  गलत बता दीजिए मैं बेहद माफ़ी चाहता हूं चीज़ के लिए  जी और दस तारीख है जो हमारा maximum time frame ठीक है, कोई बात नहीं. ठीक है, कोई बात नहीं. ठीक है. धन्यवाद. इसके अलावा मैं किसी और चीज़ में मदद कर सकता हूं आपकी? ठीक है. धन्यवाद. इसके अलावा मैं किसी और चीज़ में मदद कर सकता हूं आपकी? नहीं नहीं. नहीं नहीं. जी. ठीक है. Call end करने से पहले आपसे छोटी सी request कर सकता हूं हमारे feedback के लिए हमारे बातचीत के अनुसार पर इसमें  तीन से पांच second लगेंगे. जी. ठीक है. Call end करने से पहले आपसे छोटी सी request कर सकता हूं हमारे feedback के लिए हमारे बातचीत के अनुसार पर इसमें  तीन से पांच second लगेंगे. आप call पर आप call पर जी हां जी  बोलिए. जी हां जी  बोलिए. यह call end करने से पहले क्या आपसे एक feedback request कर सकता हूं हमारी बातचीत के अनुसार यह call end करने से पहले क्या आपसे एक feedback request कर सकता हूं हमारी बातचीत के अनुसार नहीं नहीं बोलिए. नहीं नहीं बोलिए. जी, मैं आपकी call को feedback IVR पर transfer कर रहा हूं हमारी बातचीत के अनुसार पर हमें एक से पांच के beach में rating दे सकते हैं. एक  सबसे कम और पांच है सबसे अधिक. जी, मैं आपकी call को feedback IVR पर transfer कर रहा हूं हमारी बातचीत के अनुसार पर हमें एक से पांच के beach में rating दे सकते हैं. एक  सबसे कम और पांच है सबसे अधिक. को choose करने के लिए धन्यवाद और आपका दिन शुभ को choose करने के लिए धन्यवाद और आपका दिन शुभ We request you to rate your experience with our expert on a scale of 1 to 5 with 1 being poor and 5 being excellent. We request you to rate your experience with our expert on a scale of 1 to 5 with 1 being poor and 5 being excellent. Please press the number on your dial pack to Please press the number on your dial pack to You have just helped us improve the credit experience for all our members. You have just helped us improve the credit experience for all our members. Do reach out again in case of any other concerns. Do reach out again in case of any other concerns. Thank you and have a good day. Thank you and have a good day."
41fea115-b055-4c5e-ab8f-4573ca4e3e69,"Good afternoon. This is  I'm here to assist you today. Am I speaking with हर्ष? Yeah. Yeah. I just wanted to ask Like, can you see any active loan in my credit account? Ok, you have a concern regarding the loan. Right? Yeah yeah. Ok, please be on call. I would like to inform you that हर्ष regarding your loan we will have we have related department, ok? the relevant team will assist you regarding your concern. He  please cancel me to Ok? Yes. I will transfer your call to the relevant department who will be assisting you. It will take 1 to 2 minutes  transfer the call till then may I please place your call on Yeah yeah that's Thank Good evening. Yeah. नहीं, इतना    कि दो call उधर से का नहीं है  वह दूसरा किसी का loan है और  आपको दिख रहा था he will be other नहीं क्या होता है एक बार  का हुआ था कि उसका किसी और से link का link हो गया था  तो उसकी  कौन से request   रहे थे तो  हो जा रहा था चाहिए ना होगा फिर उसमें call bill किया था, उससे भी किया पूछना  कि यह वाला credit से है कि दिख रहा है क्योंकि यह amount  हमारा बता कितने का भी loan लिया ही नहीं 5 lakh. तो obviously क्यों pay करेंगे  मालूम My pleasure. Thank you so much. हर्ष for being on hold. I really appreciate your time and patience. We have sent from the relevant team who will be assisting you regarding your concern. Alright? Over to you  I am dropping up from my side. Thank placed Hello hi. Good after, good afternoon. We request you to rate your experience with our expert on a scale of 1 to 5 with 1 being poor and 5 being excellent. Please press the number on your dial pack to We won't able to register any input. Please rate your interaction with our expert on a scale of 1 to 5 with 1 being poor and 5 being excellent. claim Please press the number on your dial pack to बात चालू से जल्द कैसे हो सकता Hello? We won't able to register any input. Please rate your interaction with our expert on a scale of 1 to 5 with 1 being poor and 5 being excellent. गया. Please press the number on your dial. You have just helped us improve the credit experience for all our members. Do reach out again in case of any other concerns. Thank you and have a good day."
c135d6ad-2c05-4438-93a9-2c6d6392d5ad,"Good morning. This is प्रतीक  today I am going to assist you. Today I'm calling you from Cred on a recording line. Can you hear me? Am I speaking to सुभाष? बोल रहा हूं sir. जी नाम confirm करने के लिए धन्यवाद सुभाष. सोहन. मैं यहां पर जैसे कि check करके देख पा रहा हूं आपने एक product related concern raise किया free culture का यह call आपको उसी के related ही किया गया है तो क्या यह सही वक्त होगा आपसे बात करने हां sir बताइए. Thank you. तो आपने यहां पर जो है आपको जो product आपको free culture का जो product आपको receive हुआ है वह product पर जो है आप जो कह रहे थे कि product जो है वह आपका face नहीं हो रहा है. Correct? साई साई free issue आ रहा है जिसकी वजह से Right, thank you so जो है यह product को आप इसको return करना चाहते हैं, Correct? recommend मुझे अगर replacement मिल गया तो  issue तो मुझे product चाहिए जी जी जी जी जी जी जी nan मुझे सिर्फ अगर सिर्फ replacement मिल जाता है इससे एक lower size मिल जाता है अभी जैसे मेरा large है मुझे  अगर मिल जाता है तो मेरा issue resolve हो जी जी जी. जी जी मैं आपका concern जो है मैं समझ पा रहा हूं. देखिए यहां पर क्योंकि आपका इसके related जो है already यह issue को मैंने raise कर दिया है relevant team के पास ठीक है? और आपको मैं यह बताना चाहूंगा आपका issue जो है यह already raise करते हैं और आप कृपया करके ninth of March तक wait कर जाइए. पहले तो मैं आपसे माफी मांगना चाहूंगा जो परेशानी आपके साथ हुआ है यह बहुत ही rare scenario है. आप नौ तारीख तक wait कर जाइए. We नौ तारीख तक wait कर जाइए. हां. यह rare offer हुआ है मेरे पास पहले. जी जी जी actually बहुत ही rare scenario जो आपके साथ   मैं माफ़ी चाहूंगा उसके लिए. आप निश्चिंत रहे मैंने आपका यहां पर issue जो है आपको already raise कर दिया गया है नौ March तक wait कर जाइए. on  before  march या उससे पहले पहले जो भी इसका update रहता है वह update आपको relevant team से provide कर दिया. हां ठीक है पर मेरा ऐसा ना हो कि नौ तारीख के बाद भी आप यही बोले कि हम इसमें कुछ help नहीं कर सकते नहीं नहीं नहीं नहीं नहीं. ऐसा ऐसा कोई नहीं Ok, ऐसा ना मेरी request जी जी आप निश्चिंत रहे क्योंकि देखिए यह concern के related जो है यह issue को अभी backend team के पास raise किया गया है. ठीक है? तो जो भी update रहेगा यह आपको आपके credit application पर ही आप देख पाएंगे. credit application के support section के my conversation पर जाएंगे तो वहां पर आपका जो primary primary  ticket number है वह last 4 digit है ###. ठीक है? तो उस particular ticket ID पर जो है आपको वहां पर सारा details जो है आपको वह show हो नहीं लेकिन अभी दो बार जब भी मैंने last time complaint आपने close किया था तब मैंने उसको reopen किया उसके बाद भी जो reply मुझे first time मिला था कि   did not found any issue in current product तो second time भी वही मुझे reply या तो आप ठीक है reply कर रहे हो ना कि मुझे proper resolution दे हो. ऐसा ना कि नौ तारीख को भी आप मुझे यही reply दो तो इतने दिन wait करके मतलब नहीं या फिर आप मुझे sir कितने दे  दे कि आप मेरी help नहीं कर सकते और फिर मुझे देखना फिर क्या कर जी मैं समझ पा रहा हूं आपसे मैं request करूंगा कि आप wait कर जाइए on  before जो है नौ तारीख है उससे पहले पहले जो भी इसका update रहता है वह update आपको provide कर जाएगा. Sir मुझे पर resolution जी मेरा यह बोलना है मैं wait करने के लिए redeem पर मुझे resolution हां बिल्कुल बिल्कुल. जी आप निश्चिंत रहे sir. update कर जाइए. ठीक Ok ok. Thank क्या इसके अलावा और कोई भी जानकारी देकर मदद कर सकता हूं आपकी? No sir, thank you very एक request रहेगा आपसे कि आप हमारे beach में बातचीत के आधार पर call को rating देना चाहेंगे अभी जी, मैं जी क्या आप हमारे beach thank you so much. तो मैं आपका call हमारे feedback IVR पर forward कर रहा हूं जहां पर आप हमारे beach बातचीत के आधार पर call को rating दे सकते हैं, rating एक से पांच के beach में रहता है. एक सबसे खराब होता है पांच सबसे अच्छा. Credit को choose करने के लिए धन्यवाद. आपका दिन शुभ रहे. Thank you so much. We request you to rate your experience with our expert on a scale of 1 to 5 with 1 being poor and 5 being excellent. Thank you. Please press, you have just helped us improve the credit experience for all our members. Do reach out again in case of any other concerns. Thank you and"
cedf0f1b-f4f3-4b3a-af5c-d326037dfc24,"Good morning. I'm अंशिका. I'm here to assist you today. Am I speaking to आकाश? Yeah, आकाश बात धन्यवाद नाम confirm करने के लिए आकाश. देख पा रही हूं आपने concern raise किया है आपने बारह सौ सात रुपए की electricity bill payment के refund के लिए जी माफी चाहूंगी आपको यह असुविधा हुई निश्चिंत रहिए आपकी पूरी सहायता करूंगी समझ रही हूं मैं आपका concern और आकाश मैं अपने end से देख पा रही हूं आपने electricity bill payment कर  महावितन electricity को और पच्चीस रुपए   का convenience fee भी pay किया था चौदह very को आपने HDFC credit UPI   ending digit के माध्यम से और payment fail हो जा  payment fail हो जाने के कारण credit में total amount का refund चौदह very को कर दिया था आपकी HDFC bank account में आपके account में अभी तक refund receive नहीं हुआ कोई बात नहीं मुझे नहीं दिख रहा है madam. कोई बात नहीं क्योंकि मेरा जो billing था उसमें उसमें जो amount minus होनी चाहिए तो कुछ amount Ok आकाश. कोई बात नहीं आप चिंता मत करिए. हम आपकी आगे सहायता करेंगे उसके लिए आपसे request करती हूं आप हमें अपने HDFC bank account की statement share कर दीजिए चौदह फरवरी से current date तक की ताकि हम अपने end से validate करके आपके concern को हमारी internal team को share कर Madam मैंने upload किया है अभी. मैं देख पा रही हूं आपने हमारे साथ JPG file मतलब   file share करी है photo share करिए. आपसे request करूंगी PDF format में share कर दीजिए ताकि validate करना आसानी हो जाए PDF  valid proof मना जाता है that is और धन्यवाद आपने  जी share करने का expert किया आप please PDF में share कर दीजिए. मैंने आपको link भेज दिया है  वहां पर upload कर सकते हैं. देखिए आपके registered registered mobile number के text SMS पर यह link आया होगा आप देख लीजिए nan नहीं आया है. कोई बात नहीं मैं दुबारा share कर देती हूं हां  हां मैंने दुबारा share कर दिया है. आप इसे note कर सकते हैं. तो दुबारा बता देती हूं HDFC bank account जो   end होता है इसके account statement share कीजिएगा चौदह फरवरी से current date तक की PDF format. हां. अगर password वाला PDF है तो आप password type भी कर सकते हैं. अगर password free है तो अच्छा अच्छी बात है जी आप call के बाद जब upload कर रहे हैं तो यह call me ना request raise कर दीजिएगा हमारी team आपसे connect करके आपकी further सहायता कर देंगे Alright आकाश. चलेगा चलेगा. Ok ok. Thank Alright. You're welcome credit संबंधित कोई और सहायता चाहिए आपको? नहीं यही concern Ok आकाश call समाप्त होने से पहले आप एक feedback share करना चाहेंगे हमारी बातचीत के आधार पर? That ठीक है. मेरा  call तक यह तो अपना आपके requirement तो complete कर दूं ताकि rating वगैरह है वह तो मैं साथ बात कर Ok धन्यवाद. मैं call को feedback IVR पर transfer कर रही हूं आपको missing generated आवाज़ सुनाई देगी. Please पांच से एक के beach में click करके rating दे दीजिएगा पांच है अच्छे के लिए एक है सबसे कम के लिए और credit को choose करने के लिए धन्यवाद आकाश. आशा कर रही हूं आपका और आपके परिवाहन का  अच्छा जाएगा. धन्यवाद. Welcome. We request you to rate your experience with our expert. You have just helped us improve the credit experience."
bf86eb1c-fa60-444f-bfa8-9a354c9184b6,"Good afternoon. This is  calling you from Cred on a recorded line. Am I speaking to कुनाल? Yes ma'am. Yes कुणाल, So is this the right time to talk to Yeah tell me. Yes. So, while conversation the call got dropped that's why I called So did you yes, did you download the bank statement nan Ma'am I am saying it is not getting downloaded  If it was that simple, I would have done it 10 minutes ago only. I completely understand but for validate your concern or the amount, we have you need to share with us the bank statement afterwards, we we can validate it and we will assist further. nan Why can you take I don't understand but whatever try. Ok madam, let me try. Ok? Ok, so as I have already shared you the link कुणाल, Once you download you have to attach the PDF on that same link once you will share with us you will get a option of call me back on the same. Once you click you will get a call from our side, ok? Yes, anything else apart from this I can help you regarding Cred? No ma'am. Thank you. Most welcome कुणाल, So before we end this call, may I request you to share your valuable feedback basis of conversation कुनाल? nan Sure, ok. Great. Then I'll transfer your call to our feedback IVR. basis of conversation you need to share 5 is the Ok. excellent and 1 is poor. Thank you so much for choosing Cred. I hope you have a great day ahead कुणाल, Thank you so much. Sure. Ok ok. We request you to rate your experience with our expert on a scale of 1 to 5 with 1 being poor and 5 being excellent. nan nan Please press the number on your dial pack to nan You have just helped us improve the credit experience for all our members. Do reach out again in case of any other concerns."
0c5c8347-1c71-42b4-bf80-82ce69c208c5,"Good morning, this is राज. I am here to assist. Am I speaking with सुप्रिया? बहुत बहुत धन्यवाद नाम confirm करने के जी जैसे कि मैं देख पा रहा हूं यहां पर आपने concern raise किया है repayment की behalf में कुछ परेशानी face कर रहे हां sir मेरा payment double cut गया है कल  सुबह में cut गया double payment EMI मैं समझ पा रही हूं परेशानी   आप  निश्चिंत रहिए सहायता    से पूरी कोशिश की जैसे कि मैं देख पा रहा हूं यहां पर जो आपका amount है दो बार debit हुआ है, right? पहले  जो debit हुआ था वह आपका manual payment था उसका दुबारा जो है auto debit initiate हो गया था auto debit वहां Ok. तो जैसे कि मैं देख पा रही हूं यहां पर आपका auto debit जो है processing stage पर है. ठीक है? तो हमारे process के अनुसार आपका जो status है within 24 hours के अंदर आपका update हो जाना चाहिए ठीक है और अगर नहीं होता है definitely हमारे पास reach out करिए हमारे आपकी team जो है हमारी team जो है आपकी help help out कर देगी. 24 hours तो हो गया ना sir मेरा payment कल रात में cut गया double मतलब एक मैंने pay किया था auto debit हो गया जी नहीं, 24 hours   24 hours में हुआ है. तो थोड़ा सा wait कर दीजिए उसके बाद एक दोबारा ticket raise करिएगा हमारे पास reach out कर Ok sir. ठीक जी. So अभी के और कोई सहायता कर सकता हूं इसके नहीं sir नहीं बहुत बहुत thank you sir Most welcome sir, request करूं  हमारे बातचीत के आधार पर feedback share कर सकते बहुत बहुत धन्यवाद. मैं इस call को feedback IVR transfer कर दे रहा हूं एक से लेकर पांच का  रहता है पांच जो होता है excellent  होता है एक  होता है poor के  होता है. Ok. Credit से जुड़े    आपका दिन शुभ हो धन्यवाद. We request you to rate your experience with our expert on a scale of 1 to 5 with 1 being poor and you have just helped us improve the credit experience for all our members. Do reach out again in case of any other concerns. Thank you and have a good day."
557bb0fc-7ace-4d23-84ac-ace5978d0c10,"afternoon. This is सुष्मिता. I am here to assist you today. Am I speaking with in? Yeah, दिन. you so much for confirming your name अमित. So as I can check from my end, you have raised a concern regarding the policy, right? Yeah, the policy is already cancelled I ask me connected and share the cancellation email and Ok. but it is still showing telling the policy so I want to purchase a new policy actually. Ok. So as I can check from my end, we have already forwarded the concern with our internal team the timeline which we have shared to you that is eleventh of March. Once we receive any update regarding Definitely we will I mean to Please allow me a Yes, once we receive any update you will receive a notification in your WhatsApp WhatsApp along with that, you can also check the same update in the credit support section, ok? Ok but my actual the previous insurance will expire on 9 actually Before that I need to purchase That's why I can understand, but it is the maximum timeline which we have shared to you. So once we get any update regarding this, definitely we will help you out regarding this. and you will receive the notification So now I can you're telling I need to buy some other side It will take So the maximum timeline is eleventh of March. So I'm just requesting you अभी Please allow us some moment so that we can check all the details from our end. Am I speaking with अभी right? Thank you so much for confirming. And we have already forwarded the concern. Ok, can you expect that interest my policy will expire on and I cannot wait till seventh October It is I would like to inform you that it is the maximum timeline ok? Once we receive any update regarding this, we will definitely help you. I mean to say we will definitely share the update regarding this. So right now I'm requesting you please allow us a moment so that we can check all the details from our end. And as soon as possible we will get back to you regarding this with an update. Ok. Ok. And 1 more thing as I can check अभी. you have raised 2 ticket for the same concern. So I will march both the ticket so that your face you will be not facing any kind of confusion regarding. Ok. Ok please be on the line with me so that I can nan Please allow Please allow me a Please allow me 1 on the line. Please allow me just 1 minute. I'm just doing the Ok fine. Ok. So successfully I have March both the ticket, ok? Once we receive the update, definitely we will share it. Ok. So is there anything else apart from this I can assist you with regarding cred? No no. Thank Most welcome. So before we end this call नवीन may I request you to share your valuable feedback on the basis of So before we Before we end this call, may I request you to share your valuable feedback on the basis of our conversation? It will take just a moment. Awesome. So right now I will be transferring the call to our feedback IVR where you can select between 1 to 5. 5 being excellent and 1 being 4. नवीन. Thank you for choosing great अभी. I hope you have a great day ahead. Thank We request you to wait. You have just helped us improve the credit experience."
d8edad94-cb55-44b8-98d9-bd72248c5ca9,"जी ma'am. मैं आपको चाहूंगा लेकिन      तो करना Good afternoon. This is प्रतीक. today I am going to assist you. Am I speaking to दर्शन? Yes. Good afternoon. This is प्रतीक. हां मैंने order किया था कल मेरा order  deliver होने वाला था लेकिन हुआ नहीं वह fail हो गया delivery. तो मेरे को जो delivery boy उसका number मिल सकता मैं माफी चाहूंगा आपके साथ जो परेशानी हुआ है. मैं आपको इस call पर मदद करने की जो है मैं पूरी कोशिश करूंगा आपको. ठीक है? मैं यहां पर जैसे कि check करके देख पा रहा हूं आपने जो concern आपने raise किया था यह valid Organics यह product के related आप बात करें Yes, correct. हां, देखिए sir माफ़ी चाहूंगा लेकिन हम लोगों के पास जो है delivery partner का number तो जो है ऐसा तो नहीं होता है जो कि हम आपको provide करता है उसका हम लोगों के पास कोई option नहीं है या फिर information नहीं होता है. ठीक है? ठीक है क्योंकि आपका यह product आपको delivered नहीं हुआ है इसका timeline जो था वह तीन March तक  का जो कि already cross कर दिया है और अभी तक यह product आपको delivered नहीं हुआ है timeline के अंदर तो मैं अभी जो है इसके ऊपर एक concern मैं raise कर दे रहा हूं. ठीक है? और मैं आपको एक timeline मैं बता दे रहा हूं तो उस timeline है इस concern का जो भी  update रहता है वह update आपको relevant team से provide कर दिया जाएगा. यहां पर already यह इस issue को raise किया गया है. ठीक है? तो मुझे show हो रहा है और team जो है इस concern के ऊपर already काम कर रहा है. आप wait कर जाइए on  before ग्यारह तारीख nan या उससे पहले पहले ही इस  concern का जो update रहा था वह update आपको relevant team से provide कर दिया Ok, अगर address  कुछ update   तो वह हो सकता नहीं नहीं address नहीं sir माफ़ी चाहूंगा लेकिन after मतलब order place करने के बाद हम लोगों के पास वह option नहीं नहीं अगर यह address  कोई deliver नहीं हो रहा है तो मैं दूसरा address  तो वहां पर deliver करवा नहीं ऐसा नहीं नहीं ऐसा नहीं होता है. हां. उसी के related ही यहां पर देखिए यह concern already raise किया गया है team इस concern के ऊपर already काम कर रहा है. wait कर जाइए जो भी update रहता है owner before ग्यारह तारीख तक आपको आपके credit application हां लेकिन मेरे को उतना wait करना पड़ेगा ना ग्यारह तारीख पर दिख जाएगा नहीं देखिए ग्यारह मैं समझ पा रहा हूं sir कि ग्यारह तारीख से  काफी  लंबा समय है. लेकिन मैं आपको यह नहीं कह रहा हूं कि आपको ग्यारह तारीख तक ही wait करना होगा. यह एक system generated time है. तो इसके लिए जो है यह timeline थोड़ा सा ज़्यादा दिखा रहा है. कोशिश team की तरफ से यही किया जाएगा कि जितनी जल्द से जल्द हो सके आपको इस concern का जो update रहता है वह provide आपको कर दिया Ok. तो यह मेरा जो delivery partner है आप जो agent है उनको मेरा current मतलब जो proper एक address है वह share कर सकते मैंने जैसे कि बताया यह already यह issue को  raise कर दिया गया है जब आपको alternative contact number और आपका nearest landmark भी किया Correct? तो यहां पर जो है already update  issue जो है यह raised है team  के ऊपर काम कर रहा है. wait कर जाइए जो भी update रहता है वह update आपको relevant team से provide कर दिया इसके अलावा और कोई जानकारी देकर मदद कर सकता हूं आपकी? nan नहीं नहीं thank एक request रहेगा दर्शन आपसे क्या आप हमारे beach में भी बातचीत के आधार पर इस call को rating देना चाहेंगे एक बार गलत ही रहेगा. दर्शन क्या आप हमारे beach में  बातचीत के आधार पर call को rating देना चाहेंगे दर्शन? you so much तो मैं आपका call हमारे feedback IVR पर forward कर दे रहा हूं. जहां पर आप हमारे beach में बातचीत के आधार पर call को rate कर सकते Rating एक से पांच के beach में रहता है. एक सबसे खराब होता है पांच सबसे अच्छा होता है. Sir why what's Credit को choose करने के लिए धन्यवाद. आपका दिन शुभ रहे. Thank you We request you to rate your experience with our expert on a scale of 1 to 5 with 1 being poor and 5 being excellent. Please press the number on your dial pack to rate. You have just helped us improve the credit experience for all our members. nan Do reach out again in case of any other concerns."
a02e23d2-aa48-41c0-a2c5-2114886e9ca1,"Good afternoon शशांक this is  calling you from Cred on a recorded line. Yes yes. Actually,  having a conversation and the call got disconnected Yeah, got disconnected Yeah. Yes, I  apologize for the inconvenience Yeah, please. So, yeah, I have been look into  delete my account. that I no longer use it. I have not used  to your and I don't really find that very useful. Ok, thank you for confirmation. Please be on call. nan nan Can you please confirm your email ID and your mobile number? Mobile number double 9 double ###. email ID   शशांक  Gmail dot com. Thank you for confirming your phone number and email ID. Please be on call. nan nan Ok. Please be on call. Ok. Thank you so nan nan nan nan I would like to inform you that शशांक that I have escalated your concern to the relevant team for account delete ok? Yes, they will proceed to delete most of your personal information and account itself within 48 hours. However, due to legal security compliance and letting requirements, not all information can be deleted. the what  information is not deleted. payment transaction and related history will be detail in an insured format for legal in security purpose. nan for more details on now we handle later. You can refer to a priority policy credit dot  last priority. your current phone number will be disconnected from this account. Should you choose to use Cred again, you can create a new account. about my email ID will that be disconnected. all the details associate with their account will be deleted. also note that your credit coins and credit balance will be accumulated will not be transferred. Alright? Yeah it's fine. So will access to my credit   revoke what I am sorry? you have access to my credit KYC. we do not have that Yeah. We will not be my credit rating my credit story then you guys have access to that as well. So what  was that As I told you that the  all the information will be delete within 48 hours. Alright? Only the payment transaction and related history will be it in an incorrect format Alright? For legal and security permit at it. Ok. Is there anything else apart from this? No. will I get any confirmation that my account related? Yes, of course. after the call, you will receive an email on your registered email ID which you have mentioned right now. Ok? Yeah. after the call, you will receive the email, whichever thing I have told you over the call, you will see over the email. like Ok. Is there anything else apart from this I can assist you regarding No. Thank Ok, can I request you for a valuable feedback basis on our conversation? Alright. Thank you शशांक I will be transferring your call to the feedback IVR from where you can select 5 to  5 being excellent and 1 being poor. Thank you for choosing Cred and have a great day Yes, you too. We request you to rate your experience with our expert on a scale of 1 to 5 with 1 being poor and 5 being excellent. You have just helped us"
9ef4dbec-ec9e-4e73-9f5d-939325d99c18,"Good morning. My name is. I'm here to assist you today. Am I speaking with दास? Yes  sir. Ok. Thanks for confirming your name. As I can check that you have raised a concern regarding a product from  that it's not picked up yet. Yes yes yes. It's been long Ok. I'm really sorry   that you're facing this inconvenience from our end. I completely understand your concern and I will surely try my best to assist you. Ok? Please stay on call. I will just check the details and let you know accordingly. Ok? Ok. Ok.  So as I can check from my end that this 1 was delivered this product from  was delivered to you on 20 second and after that you created a return on 20 third itself. That itself  got canceled and another pickup also created on 20 third or with the last date was 20 eighth. And I can check that  pickup attempt  but again, it got canceled due to customer not reachable. So, can you please tell nan No, I was reachable but they could not come and pick I have clearly mention the you know, pickup scheme I completely understand your concern. Please stay on call. I will be forwarding your concern to our internal team. Ok? Ok,  so I have forwarded the concern to the internal team for that, I will be requiring 2 details from you. 1 is an alternate contact number and another 1 landmark, can you please provide me So, contact number is 9 double ###. हां,   mint. 9 double 1 3 5 #### 9  7 5. So the alternate contact number is 9 double   ###. Correct?  Ok. And the landmark? landmark is score. name Yeah. Sorry, I was not able to understand it.   double यह double so Ok. So, I'm  good.  Ok. Thanks for confirming. I have forwarded the concern to the internal team. for which I would request you to wait till tenth of March, that's the maximum time frame. Ok?  before tenth of March, Yes. On before tenth Ok. So pickup will be arranged right now between these days? I cannot confirm you about that, but we will surely try our best that the pickup is done within this time frame. However, within this time frame, within tenth of much. you will be notified over your WhatsApp regarding the update. Ok? Ok. Yes. So you will be notified over your WhatsApp that when the pick up will be done on that. So this information will provide  provide to you. And also   take the same on your credit app on the support section, Ok? No. Sure. Ok. So is there anything else  you would  like assistance with? No no, thanks. Ok, great. So before the call, would you like to share  valuable feedback on  of our conversation? नहीं, Ok. Great. I will quickly transfer this call to our feedback IVR where you can rate this conversation on a scale of 1 to 5. 1 being 4 and 5 been excellent. Thank you for choosing. I hope you have a great day. We request you to rate your experience with our expert on a scale of 1 to 5 with 1 being poor and 5 being. You have just helped us improve the credit experience for all our members. Do reach out again in case of any other concerns."
4e7cc419-ccf7-42b2-85c0-b52a2da2e8bc,"morning. This is मोहम्मद I will be assisting you today. Am I speaking with प्रमेश nan Yes. you so much for confirming your name. Tell So my Yeah, I was supposed to receive my order last week. I was not there in 1 of the day when he when your executive came but there were people at my home so my mom and wife are there, but my phone was not reachable at that point in time because I was in the light and he could not get the OTP. So he went back nan stating that he could not deliver if the OTP is not there. Yes. Now he was asked to come back on Saturday which went      last week. nan which he did not come. I called and post that on Sunday I guess. he told me that I'll deliver it on Monday. till now also nothing. no response not as  called us nothing. I completely understand and apologize for the inconvenience caused to you will try my best to system. So as I can check that your expected delivery date was  second   second March and it has already crossed. So I am just going to forward your concern with our team. to forward your concern any  information from your  is alternate contact number and other 1 is your landmark. May I please have your alternate contact number? This is the only number that I have Ok. No issues. May I please have a landmark? जी विकास मिंत्रा hospital. 1 मिंत्रा  विकास विकास? जीव विकास चंद्र hospital. Ok. Thank you so much and I have mentioned  everything in the details and I have also forwarded your concern with our team and I would like to request I'm really sorry, the call automatically  on hold. I'm really sorry. Ok, so I have forwarded your concern with our team. I would like to request you to kindly wait till March 1. This is the maximum timeline and once we receive an update from our team, you will be notified in WhatsApp and you can check the same anytime in your credit app support section and March 12 nan the market March 12 Yes March  This is the maximum timeline but I hope you will receive an update before अच्छा manual we just the update. for the delivery time. update. So just is really very low. I mean just to receive a update if you guys are taking more than 1 week. for update. and not about the delivery itself because the delivery itself  delayed by more than post that is just for  update you guys required more than 1 week really very proceed I'm really sorry. हां, ok. and our team we are taking this  strong feedback and our team is currently working on this particular thing and also you will receive a positive update Is there anything else that I can assist you with regarding cred? I mean  just 1 problem out of it.  I could not find but resolution for the same. So, nothing else. but Just a strong feedback  can take. That this service really needs to improve which is really really I mean when you have people delivery  minutes  or you guys are taking 1 week just to post an update. then that back going to maybe 20 years back I don't know where you guys are processing. Sure. we are taking this as a strong feedback so that in future this kind of inconvenience don't happen. I am really sorry for the trouble that caused. Is there anything else that I can assist you with regarding cred? Great. Before we end this call, may I request you to share your valuable feedback basis on the conversation between you and me. It will just take a moment to give feedback. Great. I will transfer your call to our feedback IVR. You can select between 1 to 5. 1 being 4 5 being excellent. Thank you for choosing Cred. I hope you have a great day. Thank you so much. We request you to rate your experience with our expert on a scale of 1 to 5 with 1 being poor. You have just helped us improve the credit experience for all our members. Do reach out again in case of any"
22596fb0-77b7-4820-8604-9b9236d65fa6,"Good morning,  I am here to assist you today. Am I speaking with लक्ष्य? Yeah, I am लक्ष्मी speaking. yesterday also I have call the customer support regarding my policy renewal the document is still not issued Actually, they told me that KYC is pending so I uploaded the documents आधार card and PAN card. but still I got a call today saying the KYC is pending that's why your policy is not issued Can you check the time I understand Yes yes I understand  Really sorry for the issue that you are facing. Do not worry. I will be definitely trying my best to help you out. So as I can check here you have taken 1 comprehensive more insurance    for the vehicle number which is ending with ###. correct? Yes yes. regarding that only you have reached us that the KYC is pending that's why the policy is not issued yet. I totally understand. as I can check here previously you have provided the documents and based on that we have forwarded your concern towards our internal team. and after Ok. we have received 1 update from our team that your Yes, we have received  update from our internal team. So based on that we have again forwarded the concern towards our team to check it why the policy is still not issued yet. even after the payment has been completed and after raising the concern second time, we got a maximum timeline till ninth of March which is a maximum timeline. So within this particular time period we are going to share any further update regarding this in your credit support section and we will be notifying you regarding the same through your registered WhatsApp. Yeah. हां after the documents are uploaded is there any update after the documents uploaded Yes, regarding that only I have just mentioned you that we have forwarded the concern 1 more time towards our relevant team. after getting the document like after providing the document which update we have received that our team needs to check the issue internally that why the policy is still not been issued yet. even after the steps has been completed successfully check that issue only the concern has been forwarded second time. after raising the concern which ever maximum timeline I have mentioned Within this particular time period we are going to share the update with you through your credit support section and regarding the update, we will be notifying you about your registered through your registered WhatsApp. Ok ok. Ok. Thank you for your Thank you for your understanding लक्ष्य. So anything apart from this I can help you regarding credit right now? thank you. No no no. Thanks a lot So before I end this call may I request you to share your feedback based upon our conversation? Ok sure. Thank you. So I will be transferring the call to  our feedback IVR. You can rate the conversation between 1 to 5 where 5 is excellent and 1 is poor. Thank you for choosing Cred and have a great day. Ok. Thank We request you to rate your experience with our expert on a scale of 1 to 5 with 1 being poor and 5 being excellent. EMI Please press you have just helped us improve the credit experience for all our members."
adac574e-4425-426d-b5bd-c80b9c33741f,"evening. This is  I am here here to assist you. Am I speaking with सुमित? confirm your As I can see your concern is regarding the  as you have mentioned the payment is but the policy is not showing. not showing. under processing notification. I'm really sorry for the issue you have faced but do not worry try my best to help you in this regard For as I can see your vehicle number is ###. and the insurer that is by it's national insurer. हां yes. Ok. Do not worry sure   my best to help you in this regard can I place your call for 1 minute hold so that I can check and provide you the details? Ok ok ok. Yeah. but पता   नहीं है गौरव. Thank you for waiting सब. Hello.  Ok. I would like to tell you that as I as I can see the KYC is pending so I would like to tell you you can select vehicle on credit garage and you will get a insurance section. Ok. You will see that activate your policy with 1 click KYC mandatory bye. Ok ok. and click and process. Ok ok ok. Ok. After that you need to share some policy  the details   After that your KYC will start the policy will get active once the KYC. Ok ok. Ok. Is there anything else I can help you with? Sorry? Is there anything else I can help you? Ok ok. Thank Ok before we end this call, may I request you to share your valuable feedback basis on our conversation? Ok ok, very good. Ok. I will transfer your call to our feedback IVR. You can select 1 to 5  5 being  1 being 4. Thank you for choosing. I hope you have a great day. Ok. We request you to rate your experience with our expert on a scale of 1 to 5 with 1 being poor and 5 being excellent. Please press the.  You have just helped us improve the credit experience for all our members. Do reach out again."
d4e0566e-943e-4364-b61d-ac0b00a4ef2b,"I'm here to assist you today. Am I speaking with साहिल? you for confirming your name साहिल. As I can see, you have raised a concern regarding transaction ###rupees in which you paid 18 rupees convenience fees and total amount is ###rupees and this transaction was made towards your reduce sir Yes yes. and as I can see the transaction was made on third of March from your HDFC credit card ending with ###. Yeah yeah correct. and this transaction got failed. I I really apologize for the inconvenience and as I can see your receiver KYC status was not done. That's why the transaction got failed and I would request you please wait for 2 days, this transaction  this amount will get reflect  your credit card. Within 2 days it will So that's that's  my concern is still yesterday that showing it's 24 hours after 2 hours it automatically will revert but  still not done that that that the amount is will be credit or debit जी मैं बहुत माफी चाहूंगा. मैं आपसे अगर कि इसका amount debit हुआ है तो मैं आपसे request करूंगा कि आप दो दिन का wait कर लीजिए. आपको इससे यह amount receive हो जाएगा. Ok ok. Thank you. Thank you. जी इसके अलावा और कोई सहायता कर सकता हूं मैं आपकी credit संबंधित? नहीं इतना ही    कल का transaction के लिए जी जी. Within 2 days में  के अंदर आएगा तो इस call को end करने से पहले क्या मैं आपसे एक छोटा सा feedback के लिए request कर सकता हूं जो हमारी बातचीत के आधार पर Of course जी ठीक है. इस call को अपने feedback IVR पर transfer कर रहा हूं. जाकर जी. जहां पर आप एक से लेकर पांच से  सकते हैं. पांच सबसे अधिक होगा और एक सबसे कम.  को चुनने के लिए धन्यवाद. आपका दिन शुभ Ok ok. Thank We request you to rate your experience with our expert on a scale of 1 to 5. You have just helped us improve the credit experience for all our members. Do reach out again in case of any other concerns."
0f070971-d446-4cfb-9a13-9a383fb71d2a,"evening. This is प्रेम. I am here to assist you. Am I speaking with मोहम्मद अब्दुल. राव? हां. Yes. for the confirmation of  name अब्दुल. As I can check from  that you have raised a concern regarding your undelivered product which is from अंत     right? attempt  बोलकर बता रहा  नहीं हुआ Wait करिए हम लोग  में charge  and देखिए  उसका नाम confirm करने के लिए धन्यवाद और आपका जो concern जैसे कि मैं check कर पा रहा हूं आपका जो concern वह आपका अंदर   के product के regarding अच्छा. जी जैसे कि product आपको delivered हो जाना चाहिए था तीन तारीख तक लेकिन यह जो product है अभी तक आपको delivered नहीं हुआ नहीं हुआ नहीं बेहद माफ़ी चाहेंगे हम इसके लिए लेकिन आप निश्चिंत रहें, हम आपकी सहायता करने के लिए इसके लिए मुझे आपका alternate contact number लगेगा और आपका nearest landmark लगेगा तो क्या आप अपना alternate contact number और nearest landmark provide कर सकते हां यह  हज़ार का जो  card kindly line पर बने आपका जो near और मेरा Nearest landmark near model school. nearest landmark आपने क्या बताया model is and it's not और आपका जो alternate contact number है 9 7 double 0 9 7 double 7 3 7 6 8 0 4 nan धन्यवाद मुझे information provide करने के लिए. देखिए मैंने successful इसके regarding concern हमारे internal team को raise कर दिया है हमारी internal team इस असुविधा के लिए फ़िलहाल check करिए कि क्या problem हुई है क्योंकि product अभी तक आपको delivered नहीं हुआ इसके regarding जो आपको update है वह हम लोग provide कर देंगे आपका बारह तारीख तक आपको credit application के support section में आपको update provide हो जाएगा और आपको WhatsApp के through notification भी provide कर दिया. जी इसके अलावा क्या मैं आपकी और कुछ सहायता कर सकता हूं अभी के जी, आपसे बात करके अच्छा लगा. क्या मैं एक छोटे से feedback के लिए request कर सकता हूं जो कि हमारे बातचीत के दौरान रहे See जी बोलिए. आपकी call को हमारे feedback IVR में transfer कर रहा हूं जहां आप हमारे बातचीत के दौरान एक से पांच तक के beach में rating दे पाएगा. एक का मतलब बुरा. पांच का मतलब अच्छा credit इस्तेमाल करने के लिए धन्यवाद अर्जुन जी. आपका दिन शुभ हो. We request you to rate your experience with our expert on a scale of 1 to 5 with 1 being poor and 5 being excellent. it is that Please press the number on your dial pack to We won't able to register any input. Please rate your interaction with our expert on a scale of 1 to 5 with 1 being poor and you have just helped us improve the credit experience. मेरा"
9ee602bb-fb79-4d1e-9cdc-4b23e37f8691,"evening. This is रोहित here to assist you today. Am I speaking with अमोल Yes speaking. Thank you for confirming your name अमोल and as I can check that you have raised a concern regarding your policy and you have mentioned you want to in you want the insurance policy which you have taken Am I Yes yes. I understand. I'm very sorry that you had to face this inconvenience but as I can check that your KYC status is still showing in progress  I'd like to raise this concern to our internal department and I'm very sorry for this inconvenience as well. But in order to raise this concern I will be needing some of the documents from your end. Is that time. But why I have purchased it because I wanted urgent ally. That's why I have purchased I understand that  I'm very sorry for this inconvenience but since as I can check that the KYC status is still in progress that is the reason why your policy is not issued yet am I'm very sorry for this inconvenience. wait when it will be completed. I will be able to tell you a timeline after I raise this concern from my Am I audible? Can I cancel the order. Yes  if you want you can go ahead for the cancellation as well. And may I know the reason why you want to cancel is it the reason why you don't want to wait anymore? Because I want the insurance policy urgency, I can buy it from anywhere. I think I understand. I'm very sorry for this inconvenience. I will be going  for the cancellation as per your request, Yeah. just guide me for that Yes, I will be mentioning the timeline as well for the refund and as I want to mentioned, we have successfully canceled this policy as per your request and the refund amount of rupees ###rupees  पैसा has been already initiated for the refund from our end on the date of fourth March ### and you will be getting this amount on your source account within next 5 to 7 working days excluding fourth of March. Ok ok. Yes and   welcome. And is there anything else regarding credit that I can assist you with right now apart from? Thank No no. Thank Welcome and before ending this call, may I please request you for your valuable feedback based on our conversation. अमन? Yeah yeah. Sure. you. So I will be transferring this call to our IVR feedback from there you can select between 1 to 5. 5 for being excellent 1 for being poor. Thank you for choosing Cred. Have a great day. Yeah Thank We request you to rate your experience with our expert on a scale of 1 to 5 with 1 being poor and 5 being excellent. Please press the number. You have just helped us improve the credit experience for all our members. Do reach out again in case of any other concerns. Thank you and have a good day."
2e884fcf-dac9-4d09-954a-478299a2d841,"evening. This is अंकित I am here to assist you today. Am I speaking with कार्तिक? हां, yes sir. and charging only. you for confirming. Actually, हां yeah. Previously I used  credit wallet with other 1 another my old number. Now I have change my mobile number. that is currently you are speaking with that number But with that I tried to do KYC for credit wallet but I can't able to do It's simply I stuck with the initial screen I apologize for and and KYC when it  proceed in some time when I enter my bank details, it shows that it is already linked with other account, it shows nan Ok. Ok. But my previous credit account has been closed already. nan Yes. I completely understand your concern कार्तिक. my apologize for this inconvenience. You are not able to particularly do the KYC of a wallet for this credit account which is registered with the phone number ###double ###. Yeah yeah correct. Thank you for confirming the issue as you already you have mentioned that you used a different credit account before before also and after you have changed this particular account then you are not able to proceed forward  the wallet. Yeah. That previous account has been closed already I requested the customer care to close it. it has been closed already. Ok,  thank you for sharing  the details. my apologies for this inconvenience regarding your concern कार्तिक. I would like to inform you that we do have a dedicated wallet support team Please be assured on your behalf I have forwarded this concern to our relevant team. I would request you to kindly wait for the next 4 hours I'm forwarding this on a priority basis you will be receiving a callback from the relevant team within the next 4 hours. Ok ok. Thank you so much for your kind understanding Please note that this is just a maximum time frame. I have already forwarded this on a priority basis. So it might be possible that you might be getting a callback soon than that. Ok ok yeah. Thank you. Thank you so much for your kind understanding. Is there anything else I can assist you with related to Nothing sir nothing thank you. Great. Before we end this call, may I request you to share a valuable feedback on the basis of a conversation? Ok. Yeah. Thank you so much. I'll transfer this call to our feedback IVR. You can select between 1 to 5. 5 being excellent and 1 being poor. Thank you so much for choosing. Hope you have a great We request you to rate your experience with our expert on a scale of 1 to 5 with 1 being poor and 5 being excellent. You have just helped us improve the credit experience for all our members. Do reach out again in case of any other concerns. Thank you and have a good day."
70100a96-b855-4d3e-a398-0d330e8dab42,"Good morning. My name is  I'm here to assist you today. Am I speaking with सूरज? am I speaking with सूरज? Ok, thank you for confirming your name. सूरज as I check that you raised the concern regarding how to foreclose? Am I correct? Ok, tell me what is the exact concern that दूसरा loan अच्छा. इसको close करके दूसरा आपको अगर आप चाहते हैं तो आप दूसरा loan ले सकते हैं आपके पास एक available limit है 2 lakh #### वहां से वहां से नहीं madam bank से लेने अच्छा bank से लेता Ok. अब यह आपको foreclose करना है? हां हां अच्छा,  एक minute. Ok, आपका  March तक का आपका already paid है, ok? और आज तक का लेकर आज तक का आपका update हो जाएगा payment ठीक अभी  on hold जैसे मैं देख पा रही हूं आपका जो पचास हज़ार का amount था उसका हां, तो आज आप wait कर लीजिए आज मतलब update होने में आपका due date plus 1 day लगता है 1 working day लगता तो due date number कल का और आज एक दिन आज के दिन के बाद आपका option आ जाएगा foreclose करने का credit application कि जहां पर I manually payment करते I want to pay now मतलब वहां पर आपको foreclose का option आ जाएगा तो वहां से foreclose कर पाइएगा. Ok, आज दिखाई देगा आज आप wait कर लीजिए, ठीक है? आज तक time लगता है, ठीक है? update होने के तो आपका आप एक बार try कर  कल आपका होना चाहिए. अगर नहीं दिख पाया ठीक है तो आप just हमें check मतलब हमें connect करिए इस चीज़ के regarding. Ok ok. For closure charges कुछ नहीं नहीं for closer charges नहीं But आप इतना time दीजिएगा ठीक है? as a आपका EMI   यह इस महीने का pay हो चुका तो और जितना दिन  time लीजिएगा उसने दिन का आपका interest calculate होगा? तो मैं request करूंगी कि आप  अगर आप for close करना तो    close कर सकते हैं, ठीक आपको option अगर आ जाता है No. उसका NOC भी मिल जाएगा ना तुरंत कि close हो चुका है. आपका आपका lending partner IDFC First   check आपको? आपने line पर बने Ok. आप चौबीस घंटे बाद आप NOC आप download कर सकते हैं credit application पर. क्योंकि मैं अभी बड़ा loan लेने वाला madam  क्योंकि वह पूरा loan है ना वह close करना वह bank को दिया है कि  पता  का loan नहीं आपसे मैं देख पा रहे हो landing part आपका  first है, ठीक है? तो उनका क्या है कि 24 hours के बाद ही वह लोग NOC generate कर देते हैं आप उस time पर आप खुद credit application से download करेगा. Ok और कोई जानकारी No madam, thank Welcome, सूरज  छोटी सी request रहेगी आपसे. Call को disconnect करने से पहले क्या आप feedback देना पसंद करेंगे हमारी बातचीत के हां ठीक Ok. धन्यवाद.  आपका जो call Yes. जी. call को  feedback IVR पर transfer कर रही हूं. आप एक से पांच  के   बुरा होता है पांच धन्यवाद cred को choose करने के लिए आपका We request you to rate your experience with our expert on a scale of 1 to 5 with 1 being poor and 5 being excellent. You have just helped us improve the credit experience for all our members. Do reach out again in case of any other concerns. Thank you and have a good day."
20c61940-b21f-47aa-90a5-bbc67fd6a4fc,"Good afternoon. This is कुमार How may I assist you today? Am I speaking with प्रसाद? Hello. Am I speaking with Yes yes. you so much प्रसाद for confirming your name. I can check that you have raised your concern for your product from right? Yes yes. you for the confirmation. I'm really sorry for the inconvenience प्रसाद that your product has not been yet delivered to you as you have mentioned here nan Have you received any kind of call from the delivery? No no no. Ok. You haven't received any kind of call No, just 1 call call me  कुछ Ok no issue no issues. I'm really sorry for that it should not have happen because if I check your expected delivery date was till third March which   yesterday your product should have been delivered to you. Yes. Yes yes sir. yes.  still not delivered. So as you're telling that nobody has given  as  telling that nobody has even tried to reach you regarding the delivery so now I have to raise this concern to the internal team because our internal team will be checking in  that what is the issue with the logistics and why your product has not been  delivered to you. So for that I require your alternate number and your nearest landmark so that I can forward the concern to the internal team and they can have a look  into this. हां हां. Yes. So can you please provide me your alternate number and your nearest landmark? nan Nearest I'm not this. Opposite on post opposite opposite Yes. Yes you have mentioned here opposite    Yes. alternate number please? बोलिए  7 0 2 double 7 0 2 double 1 ### 23 Thank you so much. I have forwarded your concern to the internal team and would kindly request you to wait till the maximum time frame of 12  but the date which I'm sharing with you प्रसाद that's just the maximum date it hardly take so long. Our team will try to look into this as early as possible. and they will be validating the same with the logistics. So as  once we receive an update from the internal team, you will be notified in the WhatsApp and will be also getting an update in the credit application support section, Ok? Ok. request प्रसाद. whenever you are receiving an update from our end. kindly request you to please reconnect with us once within 48 hours from the time you receiving the update. Ok. Thank you so much. Apart from this anything else I can help you? No no no. Ok प्रसाद before we end this call may I request you to share your valuable feedback this is on the conversation that we are having right? Thank you so much. I'll be transferring your call to the feedback IVR. You can share the rating between 1 to 5. 1 is for 4 and 5 is for excellent. Thank you so much for choosing Cred. I hope you have a great day ahead. Thank you. We request you to rate your experience with our expert on a scale of 1 to 5 with 1 being poor and 5 being excellent. Please press the number. You have just helped us improve the credit experience for all our members. Do reach out again in case of any other concerns. Thank you and have a good day."
9d6609b4-0dae-4621-8079-461d3d48db8a,"Good afternoon this is  I am here to assist. Am I speaking with भास्कर? So there is a product which we added  banks. it was showing delivered but but it has not been delivered to you. Yeah, but product is not come to my home I mean my apartment. at least   it is not Ok. Ok. First of all, I apologize for the inconvenience definitely I will help you out with that, ok? So As I would confirm that with the security that they have not received it. as per your request, I'm raising the concern to the backend team currently. Ok. Now the backend team will validate with the logistics and will share the update for the concern. I would request you to wait As soon as we get any update definitely, we will share Now you will be notified via WhatsApp and you can try it available in the support section in the ticket ID that ###. And the timeline over here I can check to wait  till ninth of March.  have this date is the maximum timeline. On before tenth of much we will definitely get back to you with an update. you mean to say some you guys ticket. I have raised the concern to the backend team. Please Ok. Thank you apart from this, is there anything Ok. No no. Thank Thank you. Before we end this call, may I request you to share your valuable feedback on the basis of the conversation. Yeah yeah, sure. Thank Thank you. I'll be transferring the call to the feedback IVR. You can rate between 1 to 5, 1 being poor and 5 being excellent. Ok. you for choosing Cred. Hope you have a great day. We request you to rate your experience with our expert on a scale of 1 to 5. You have just helped us improve."
0b8a3db5-40c4-4f0c-927a-96a4a77f749d,"Good afternoon, this is   may I assist you today? Am I speaking with you  for confirming your name. I can check that you have raised a concern regarding a product which is from Yes. electricity liter you for the confirmation कार्तिक. Can you please let me know that you are what issue you are having regarding the product you want to return the Yes, I raised a written some 10  days back. and since last 5 days or 6 days I am regular getting a call from the pickup by but he just make miss call and then he never then and when I call him then he never return my So this is happening first for the last 5 to 6 days and when I am checking right now it is showing that the return has been cancelled and I have never never callback from the pickup buy also. this is happened for the second with credit. I'm really sorry for such kind of experience.  You also have previously same kind of experience and also I am taking that as a strong feedback as well. But for this particular product is your correct. It is it has been mentioned here that you were not reachable which is why your pickup got canceled. So this is not the case right? Ok. I'm really sorry for that. करके I can check that I am having an option to raise the concern to the internal team mentioning that it has been mentioned here that you were not reachable but this is not Yes yes. So, allow me a minute to raise the concern. So the the pickup boy has never approach at my place.  he just make a miss call and then he never returned my Ok. Allow me a minute. I'm raising the concern mentioning whatever you have shared with me So can you please provide me your alternate number and your nearest landmark so that I can raise the concern? No, I have  nearest landmark Yes you have mentioned here opposite जी वाला water tax near app circle. nan Yes yes that's the nearest landmark That's just opposite to my bill. Ok ok I am getting this as your nearest landmark not an issue. alternative Alternate number ###. Allow me a 9 8 2 4 1. triple 6 double 7. triple 6 Double 7 Thank you so much. So I have forwarded your concern to the internal team mentioning both the details. And I kindly request you to wait for the maximum time frame of tenth कुमार, but it will hardly take so long Because team can already check your credit the written on nineteenth February itself. So team will try their best to help you out regarding this as  possible  sharing the update to us as well. Once we receive an update,  we'll be sharing it with you in your WhatsApp you'll be notified in the And you will be also getting the update in the credit application support section as well. Ok fine. Thank Meanwhile, Yes,  meanwhile if your product is picked up. So the general first of the pickup would be as soon as the product is picked up the refund for the same is initiated and within 5 to 7 working days, it get credited to the source account as Yeah, fine. with the ###coins And even if your product does not Yeah. kindly request you to wait for the maximum time frame. Ok? Ok. Fine. Thank Ok. Thank you. Apart from this anything else I can help No. That's it. Thanks. Ok. So  before we end this call, small request from my end Would you like to rate our conversation this is like between 1 to 5. Yes, sure. Thank you so much. 1 is 4 and 5 is for excellent. I'll be transferring your call to the feedback IVR where you can share the ratings. Ok. Thank you so much. Thank you for choosing. Hope you have a great day ahead. Yeah, welcome. We request you to rate your experience with our expert on a scale of 1 to 5 with 1 being poor and 5 being excellent. Please, you have just helped"
267c4e7b-7191-493c-9af3-51b64a6fb700,Good afternoon. This is I'm here to assist you today. Am I speaking with राहुल? नाम confirm करने का. language आ रही राहुल am I comfortable Are you comfortable in हिंदी or English? ok but I am  लिया. I really apologize for that but as of now we are not supporting any other language in हिंदी or English. हां ok ok ok ok then actually I am trying to send the money through nan credit card to but not possible why? You just have to open the credit application and then Bank जी मैंने जो अंदर  उस पर जो tuition fee through credit card option दिया है ना? अंदर गया और जो मेरा बंदे के नाम  डालिए PAN card number डाली मेरे का details कर दी last में दिख रहा है कुछ error का जिस दिख रहा है और    working working on  करके लिखा है क्या मतलब Ok राहुल जी आपसे kindly request करूंगी कि आप अपना जो concern आप मुझे बता रहे हैं इसका screen recording भेज दीजिए ताकि हम validate करके further register कर और बोला हां हां अभी withdraw मैं आपको call की हां जी मैं आपको call के बाद mail कर देती हूं ठीक है? आप mail में attach कर दीजिएगा उसमें reply करके ठीक और उसमें आप एक screen recording record करके आप attach कर दीजिएगा जो भी आपको issue आ रहा है और आप payment जब नहीं कर पाए अच्छा हां. जी इसके अलावा मैं आपकी कोई और सहायता कर सकती हूं state से संबंधित? और कुछ नहीं और सब कुछ समझ Ok आपसे बात करके अच्छा लगा राहुल और call को end करने से पहले क्या मैं आपको छोटे से feedback के लिए request कर सकती हूं  सिर्फ तीन से पांच  लगेंगे. हां. Ok राहुल  मैं हमारी call को आपके feedback IVR पर transfer करूंगी जहां पर  बातचीत के basis पर एक से पांच के beach में rating दे सकते हैं. जहां पांच सबसे ज़्यादा और एक सबसे कम हैं राहुल. Credit को choose करने के लिए धन्यवाद. आपका दिन शुभ हो और होने की  शुभ  राहुल.         करके. Ok ok. We request you to rate your experience with our expert on a scale of 1 to 5 with 1 being poor and 5 being excellent. Please press the number on your You have just helped us improve the credit experience for all
9b66ed6e-6829-47e0-91d3-681f6d56cefb,"Hello. afternoon. I'm  calling nan हां हां हमारे   से  बात हो रहा है आपका हां, अमित जी आपका हां. का का पैसा मैंने order किया था लेकिन अभी तक आया नहीं तेईस बार   order किया हां जी, अमित जी. मैं उसी के लिए आपसे थोड़ी देर पहले आपसे मेरा बातचीत हो रहा तो क्या यह सही समय है आपसे बात करने हां. हां हां बोलिए. मैं आपसे request है  जी आप call को  कि kindly तो मैं concern raise कर चुका हूं, ठीक है और मेरा आपसे request है आप please March बारह तक wait कर लीजिए एक update करने लेकिन हम कोशिश करेंगे आपको March बारह twelfth of March हां, आपको  update मिलने के लिए कि आपका जो undelivered product है उसके regarding मैं आपसे मुझे हम  तीस से internet की तरफ से जो  update हमें मिलेगा वही same update हम आपको WhatsApp में ऐसा notification हम भेज देंगे और आप आपका action भी आप check कर सकते हैं. अगर मान लीजिए  बारह तक wait करने के बाद भी अगर आपको कोई भी update नहीं मिलता है तो मेरी आपसे request रहेगा आप please March बारह end of the day पर आप हमें एक बार reach कीजिएगा ताकि हम आपको further सहायता कर पाए आपके हां. है हम cancel कर सकते हैं? अमित जी actually cancel अभी नहीं होगा क्योंकि already ship condition पर है. ठीक है? मेरे आपसे हां ठीक है लेकिन इतना का एक एक महीने  करने का मतलब मैं समझ पा रहा हूं लेकिन actually इसके regarding जो हम कोशिश करते हैं always कि इसको deliver करने के लिए समय के अंदर लेकिन जैसे कि मैं देख पा रहा हूं यह समय के breach हो चुका है इसलिए मैं concern  हूं. ठीक है और मैं आपसे मेरा आपसे request अभी एक है fail का भी मैंने वह book किया है तो वह भी active नहीं नहीं जाएंगे. नहीं नहीं नहीं बिल्कुल भी नहीं बिल्कुल भी नहीं हम कोशिश करेंगे समय के अंदर ही आपको order को deliver करते हुए. लेकिन यह जो हुआ है  बहुत ही retry होता मैंने order किया आप मैंने order किया हां जी. तो मैं देख पा रहा हूं, आज ही आपने order किए थे और जो मैं देख पा रही है इसका delivery date है thirteenth March तक दस से तेरह मैं आपसे request रहेगा आप please  order के लिए तेरह पांच तक wait कर लीजिए. और आपका जो biller be के regarding जो order receive नहीं हुआ है उसके regarding मैं concern raise कर चुका हूं. और मेरा आपसे request रहेगा आप please March बारह तक wait कर लीजिए. अगर  बारह तक wait करके बाद भी अगर आपको कोई भी notification नहीं मिलता है तो मेरा आपसे request रहेगा आप please March बारह end of the day तक आप हमें एक बार reach कीजिएगा आपकी तरफ से ताकि हम आपको further सहायता करने   के regarding nan ठीक है मेरा repayment करवा दीजिएगा. Repayment करवा दीजिएगा फिर बारह  तारीख से हम कोशिश करेंगे जितना जल्दी हो सके  update के regarding और आपको जो भी update मिलेगा हम आपको कोई guarantee अभी नहीं दे पा रही  repayment है refund लेकिन आपको update मिल जाएगा internet की तरफ से. ठीक है ठीक है ठीक है जी और कोई सहायता मैं कर सकता हूं अभी के लिए  इसके नहीं नहीं नहीं नहीं लेकिन यह यह problem है तो  करिएगा. बिल्कुल हम जी बिल्कुल कोशिश करूंगा जितना जल्दी हो सके इसका update देने के लिए. ठीक अमित जी इस call को खत्म होने से पहले क्या मैं आपसे छोटा सा request कर सकता हूं feedback के लिए आपको और मेरा बातचीत के आधार बोलिए. feedback के लिए क्या मैं आपसे विनती कर सकता हूं request? हां हां बोलिए. आपका मेरा बातचीत के आधार तो फिर मैं आपके call को transfer करने जा रहा हूं feedback में जहां पर आप पांच से एक ही आप select कर सकते हैं feedback IVR में जहां पांच का मतलब feedback क्या जो है क्या क्या feedback? फिर आपका  आपका और मेरा बातचीत के आधार पर मतलब आपको बात करके कैसा लगा मैं कोई आपको सहायता कर पाया है कि नहीं इसके अच्छा. ठीक क्या मैं transfer कर सकता हूं अमित ठीक ठीक मैं आपके call को transfer करना चाहूं feedback IVR में जहां पर आप पांच  के beach आप select कर सकते हैं. पांच का मतलब होता है सबसे ज़्यादा एक का मतलब है सबसे कम तो    करने के लिए आपका बहुत बहुत धन्यवाद अमित जी. आपका दिन शुभ रहे. Thank you so much. We request you to rate your experience with our expert on a scale of 1 to 5 with 1 being poor and 5 being excellent. Please press the number on your dial pack to We won't able you have just helped us improve the credit experience for all our members. Do reach out again in case of any other concerns. Thank you and have a good day."
92f24dce-3ce6-46b2-b2cd-868da31174b1,"Good afternoon, this is ना. I am here to assist you today. Am I speaking with  श्रवण? हां हां. you for confirming your name. So as I can check that you have raised a concern regarding credit cash about repayment issue. हां. So if you don't mind, can you please  what exact issue you are facing? अभी बीस हज़ार का जो problem किया था ना next करना था तीन  चार मैं को. को  नहीं   options. माफ़ी चाहेंगे अतुल जी. system issue की वजह से call automatically hold हो गया तो अतुल जी आप repayment के time पर issues face कर रहे right यह loan के regarding? ठीक है स्वरूप जी आप kindly मुझे एक minute समय दीजिए मैं आपका जो repayment कर रही  है यह loan के regarding एक बार check करके confirm कर रही हूं तो मैंने जैसे check कर पा रही हूं कि third march आपने एक third march का आपका जो due date था वह due date का EMI payment आपने पहले से कर चुके थे 20 sixth of January और payment आपने कर चुके थे. तो फ़िलहाल के लिए वह status अभी भी on hold में है क्योंकि आपने जो EMI pay किया है वह अभी भी processing status में ठीक है? वह EMI का जो status अभी भी processing status में और हमारे process  standard process के हिसाब से manually जो EMI pay होता है वह update होता है वह posted होता है due date के साथ 1 working day बाद तो आपके लिए due date था कल के date पर और आज 1 working day है तो आप kindly आज के end of the day तक wait कीजिए क्योंकि जब तक वह payment successfully posted नहीं होगा तब तक system कोई temporary मतलब new payment करने के लिए retry कर देंगे. तो आज की date आप wait कीजिए उसके बाद आप कल check कीजिए अगर same  issue  face कर रहे हैं आप अगर repayment नहीं कर पा रहे हैं तो reach out कर सकते हैं हमारे साथ एक minute मतलब  पांच तारीख के बाद पूरा कि पूरा payment मतलब इस हज़ार का पूरा payment कर सकता foreclose के बारे में बोल रहे आप for close  कर सकते हैं बिल्कुल लेकिन फ़िलहाल के लिए तो on hold status में है. अगर कोई new repayment   foreclosure जो भी होगा वह अभी system retra कर रहे हैं क्योंकि अभी भी on hold status में है तो kindly आज के  till the end of the day तक wait कीजिए क्योंकि 1 working day आपका due date के साथ 1 working day हो रहा है आज के date तो यह date के बाद आपका loan का status जो है वह on hold  open हो जाएगा उसके बाद nan payment कर पाएंगे. ठीक है? अगर कोई भी issue face कर रहे हैं उसी time पर भी हमारे साथ share कर सकते हैं. हम आपको ज़रूर मदद करेंगे. नहीं नहीं ठीक है. तो call को खत्म करने से पहले मैं आपको request कर सकता हूं कि आप हमारे बातचीत के आधार पर valuable feedback share करें शुक्रिया मैं आपके call को feedback IVR पर transfer कर रही हूं जहां आप एक से पांच के beach में select कर पाएंगे. एक का मतलब है सबसे बुरा पांच का मतलब होता है सबसे अच्छा. Cred को चुनने के लिए धन्यवाद. आपका दिन शुभ हो. Thank you so much. We request you to rate your experience with our expert on a scale of 1 to 5 with 1 being poor and 5 being excellent. You have just helped us improve the credit experience for all our members. Do reach out again in case of any other concerns. Thank you and have a good day."
6a3e8c52-2ecd-4320-97bf-d90a5a92e3b7,"morning. This is सोमी I will be assisting you today. Am I speaking with शशांक Yeah. Thank you so much for confirming your name शशांक I can check that you have raised a concern regarding your order is not delivered after from That's right. been long since the order was placed an has been delivered till Ok, I completely understand and apologize for the inconvenience caused to you  try my best So nan just wanted to confirm that have anyone you tried to contact Sorry? just wanted to confirm that have any delivery person never tried to contact nan No no no no no. I can check that your expected delivery date was  second March and it is it has already crossed. So I am just going to forward your concern with our team. forward your concern, I need 2 information from  1 is your alternate contact number another 1 is your landmark. May I please have the alternate contact number? me another contact number. 9 8 9 8 7 nan ### 1 1 double  Thank you so much. May I please have a landmark Near HD को इनका cool. Near  on call. Ok. I am really sorry the call automatically got on went Ok, so thank you so much for Am I audible? Yeah yeah Ok so I have  I have mentioned your landmark And I mentioned everything in a details now. I would like to request you to kindly wait till March 12. This is the maximum timeline once we receive an update from our team will be notified in WhatsApp   check the any time in your Cred  support section. Last 2 I have placed order around 12 twentieth of Does it will  take a month to deliver  India. I understand. I'm really sorry we are taking this as a feedback and also This is the maximum timeline I hope you will receive an update Sure. I will wait otherwise I would like to cancel the order because there is no point of me waiting long. Ok, I understand and unfortunately right now we do not have the option to cancel your order from our end and I believe you are also not able to see the cancellation option. नहीं disable That's right. I'm not able to if you if you Yes if you want to cancel your product you can do a doorstep denial Once the delivery person reaches at your location. to deliver the product you can deny to receive it And once the product reach  back to the merchant the refund will be initiated and it reflect in your source account within 5 to 7 working days. Ok, sure. Thank Is there anything else that I can assist you? No no. That's it. Thank Great before we end this call may I request you to share your valuable feedback  on the conversation between Sure sure. Great I will transfer your call to our feedback IVR you can select between 1 to 5. Thank you for choosing Cred. I hope you have a great day ahead. Thank you. We request you to rate your experience with our expert on a scale of 1 to 5 with 1 being poor and 5 being excellent. Please press the number on your dial pack to rate. You have just."
06bb5005-ff3c-4f2b-a637-b95f5e244c78,"Good afternoon. This is नीता. I am here to assist you today. Am I speaking with सौरभ? Yes. hi. Hi not. So the thing is I I tried doing a payment through credit  like, I was transferring  some education fee, but the person to whom I was sending she did not accept it. And I got a message from credit that the amount would be refunded in the same credit card But till now I have not received the refund. Ok. First of all, thank you for confirming your name सौरव and I really apologize for the inconvenience caused you. But I'll try my best to help you in सौरव, I can see that ###rupees you have made this payment towards  from And while making this transaction you have also made the payment of convenience fee of  25 rupees and this transaction you have made on seventh ### which I can see that it is failed. Right? So, actually, as this transaction was failed, so we have completed this refund towards your HDFC bank credit card from where you have made this transaction on  ending with eighth 4 8 a and we have completed the refund on eighth of sir. So ideally you should receive this refund towards your HDFC Bank credit card 8 4 double 8 within transaction plus 5 to 7 working days. But you are saying that you haven't received the refund, right? nan has not yet Ok. The total amount is ###rupees. So ok. Do correct. Yes, so सौरभ could you please share your HDFC bank credit card statement    in password  PDF format from payment date  current? Yeah, sure. I'll do that. Ok and your document must be less than 20 MB. Ok? So I'm yes, I am sharing 1 link with you in your registered mobile number via SMS. Could you please check and confirm have you received the link via SMS I have shared it with Yeah sure. Ok no  I'm here to receive. in your registered Ok, have you received it, sir? Ok, thank you so much. So on that link, please share the credit card statement of your HDFC bank number ending with  4 double  in password  PDF format from payment date to current date ok? Yes, so are you sharing it right now over the call or after the call? I'll share it after the Ok, no issues. you can share it after the call but your 5  must be less than 20 MB. Ok? Yeah yeah. and on that link, please share it and please after that raise the call me now request. Ok? So that we can connect with you and we can assist you accordingly. Ok? Yeah sure. Sure. Yes. So is there anything else I may assist you related with credit? No, the Ok, Would you like to give us a valuable feedback on the basis of our conversation? Yeah, sure. Thank you so much. I will transfer your call to our feedback IVR where you have to select between 1 to 5. 5 being excellent and 1 being poor. Thank you for choosing Cred. I hope you have a great day ahead. Yes. Thank We request you to rate your experience with our expert on a scale of 1 to 5 with 1 being poor and 5 being excellent. Please press the number on your dial pack to You have just helped us improve the credit experience for all our members. Do reach out again in case of any other concerns. Thank you and have a good day."
d8e41f6d-f5a5-4d43-bb48-6d29083c1c41,"morning. and अंशिका I am here to assist you today. Am I speaking to साहू? Madam मैंने कल  bank account में  credit card में bill payment किया था लेकिन मेरे account में double money deduct हो गया. जी  समझ रही हूं मैं आपका concern माफी चाहूंगी आपको यह असुविधा हुई निश्चिंत रहिए आपकी पूरी सहायता करूंगी और मैं देख पा रही हूं अपने end से मैं आपका concern समझ चुकी हूं देख पा रही हूं #### rupees और  पैसे कि आपने Axis bank credit card से   के लिए तीन March को payment करी थी. अपने SBI savings account. #### ending digit के माध्यम से और एक एक transaction successful हो चुकी है और एक fail show हो रही है और यह payment अभी credit में capture नहीं करी है तो आपका जो भी amount debit हुआ है  आपको आपका SBI saving bank return कर देगा  March तक के time frame में क्योंकि उनका maximum समय होता है तो इस time frame  इसके अंदर  कभी भी आपको refund इसका receive हो सकता है आप निश्चिंत रहिए. ठीक है madam, धन्यवाद. credit  संबंधित और कोई सहायता चाहिए अभी आपको nan Alright जान call  होने से पहले आप एक छोटा सा feedback share करना चाहेंगे हमारी बातचीत के आधार धन्यवाद मैं call को feedback IVR पर transfer कर रही हूं. आप पांच से एक के beach में rating दे दीजिएगा पांच है अच्छे के लिए एक है सबसे कम के लिए और credit को choose करने के लिए धन्यवाद साल I hope आपका बोलिए शुभ रहे, धन्यवाद. We request you to rate your experience with our expert on a scale of 1 to 5 with 1 being poor and 5 being excellent. Please press the number on your dial pack. You have just helped us improve the credit experience for all our members. Do reach out again in case of any other concerns. Thank you."
630da169-e9b1-4529-ac7a-a978e9f60150,"Good afternoon. This is सिद्धार्थ. How  to assist you today. Am I speaking with शुभ हां तो बात कर रहा हूं. Actually मेरा card का मैंने payment किया था tuition but वह fail हो गया but मेरा अभी भी account में show नहीं कर रहा है अभी भी credit card में जो हां वही आ रहा है अभी भी उनकी तरफ से update नहीं हुआ आप check कर सकते हैं वहां पर. Sure sure sure समझ सकते हैं आपके लिए काफी मुश्किल होगा. मैं बताना चाहूंगा कि जो आपका concern है वह पांच हज़ार रुपए की payment आपने की थी जिससे आपने एक सौ बयालीस रुपए पचास  का convenience fees पर किया था और यह payment आपने let वाले को किया था आपने HDFC bank credit card use किया था जो कि  9 जी मैं बताना चाहूंगा कि यह payment हमारी तरफ से दो March को initiate की गई थी और यह payment fail हो गई इसका जो refund है reverse हुआ था हमारी तरफ से वह तीन mark को कर दिया गया match मतलब  कर कल कल कर दिया गया था But वह अभी भी मेरे card में show नहीं कर जी जी मैं बताना चाहूंगा कि  reverse करने के बाद यह up to 2 working days लगते हैं जो कि जी. आप to 2 working days लगते हैं surely आपके card में  reflect back जाएगा. 2 days लगते हैं Ok, मैं वही देख रहा हूं क्योंकि आपने दो तारीख को pay किया है  अभी  हो गई तो इसलिए दिख नहीं जी   जी. तो मैं wait कर रहा हूं 2 days के लिए 2 days working days आऐंगे ना जैसे Sure sure. जी 2 working उसका  बंद रहेगा तो अभी  करेगा तो उस हिसाब से मुझे Monday तो  करना पड़ेगा या फिर  जाएगा 4 and 5 Yes nan Thank you for understanding क्या फिर से  किसी और जानकारी में मैं आपकी सहायता कर सकता नहीं sir. Ok. Alright call end करने से पहले क्या मैं एक छोटे से feedback की request कर सकता हूं आपसे? हमारे बातचीत के आधार Ok ok मैं आपकी call को feedback IVR पर transfer कर रहा हूं जहां पर आप एक से पांच तक चुन सकते हैं. एक सबसे कम है पांच सबसे ज़्यादा. Credit को choose करने के लिए धन्यवाद. आपका दिन शुभ हो. We request you to rate your experience with our expert on a scale. You have just helped us"
11683cda-dc5f-4cb8-a3c5-4d0791987cc7,"morning. My name is निकिता. I'm here to assist you today. Am I speaking with निलेश? you very much for confirming your name, कि. So you   get an update that you raised a concern regarding the credit cash repayment issues. Thank you very much. So could you please  with your concern and details so that I can go ahead and help yesterday due to some certain reason my repayment was auto auto pay was auto pay was canceled. it couldn't make payment? So when I received the message I initiated the payment from my side from manually. and I think I have been charged rupees #### Ok. understand.  First of all, I'm sorry for the inconvenience caused to you. But please be assured  to help you with an update regarding the same. So as I can check from my end, the EMI amount was ###rupees and third of March was a due date. So दिल let me tell you 1 thing is that whenever third of March are  from start from  1 am, the auto debit can get get at any point of time within next 24 hours. Ok? So, whenever the auto debit got figure at that point of time you you were having insufficient balance on the bank account. Ok? But debit that you have made the payment later on. but whenever the auto debit got tried at that point of time you were having insufficient balance. So that is the reason you have been charged with  bounce charges and that charges is completely from the bank side itself not credit. Yes. So for further clarification I would like to  request you to kindly reach out to  bank regarding the same. Because credit do not have any hands on this charges. this charges is completely lead from the bank end. Ok. And in the near future, I would like to request  that kindly maintain the sufficient bank balance 1 day prior  the due date, so that the auto debit can get regret and the amount can get debited from your account. on the other hand even if you want to do the manual payment kindly try to do the manual payment 1 or 2 days prior to the due date. So that the bank can get an update that the payment has already been done and the bank bank do not initiate the auto debit 1 more time. Actually I opened the app yesterday morning also it was showing due 2 days 1 day it was showing due today nan So I just it could be  policy. Understand, Ok I will 1 Really sorry Ok. Great. Is there anything else I can assist you with apart from this? Most welcome great. Before we end this call, may I please request you to share your valuable feedback basis on our conversation. It will just take a moment to give us a feedback. Awesome, I'll transfer this call to the feedback IVR where you can select  between 1 to 5 where 1 being the 4 and 5 being the excellent. Thank you very much for choosing Great. I hope you have a lovely day ahead. Thank We request you to rate your experience with our expert on a scale of 1 to 5 with 1 being poor and 5 being excellent. Please press the number. You have just helped us improve the credit experience for all our members. Do reach out again in case of any other concerns."
42a803fa-53e5-48a2-8b4b-c3a9277fe50b,Good afternoon. This is राम. I am here to assist you today. Am I speaking with जी? hours नाम confirm करने के लिए धन्यवाद. जी क्या आप अपना एक concern elaborate कर देंगे please? जी मैं आपसे request कर रहा हूं please अपना confirm elaborate कर दीजिए. थोड़ा मैं जैसे कि मैं देख पा रहा हूं credit card bill payment के तो क्या आप अपना concern elaborate कर देंगे पैसा करा था. जी सबा. जी sun पा रहे हैं हां बोलिए. जी जैसे कि मैं देख पा रहा हूं आपका जो concern है वह credit card bill payment के तो आप अपना इसको थोड़ा explain कर देंगे मुझे कि आपने  payment करके कब किया जी. अभी क्या   अभी आया नहीं अभी अभी किया है आपने चार March हां. तीन तीन बार KYC एक minute जी जी मैं एक second इसकी details निकाल रहा हूं please. एक second कीजिए. जैसा कि मैं देख पा रहा हूं यह आपकी payment है चार हज़ार की और इस इसमें convenience fees है आपकी एक सौ बीस रुपए और total amount जो है आपका चार हज़ार एक सौ बीस रुपए है फिर towards जी पर यह education की तरफ जी.  और यह आपने चार March  किया है जैसे कि मैं देख पा रहा हूं यहां पर और यह जो आपका payment mode था SBI credit card था ending with double ###. ठीक है. जैसे कि मैं देख पा रहा हूं हमारी तरफ से जो है payment पूरी confirm हो चुकी है पूरी complete हो चुकी जी आपको यह confirmation मिला है आपके education की तरफ से education और लोगों की तरफ से  रफीक  की तरफ हां  आया था जी. We are exact हां हां बोलो. जी जी बोलिए. बोलो. जी जैसे कि मैं देख पा रहा हूं यहां से हमारी तरफ से complete हो चुकी है. ठीक है ठीक जी तो आपको confirmation मिल चुका है वहां हां मिला. ठीक है तो किसी और प्रकार से सहायता कर सकता हूं आपकी credit से related तो call को end करने से पहले क्या मैं आपसे एक feedback के लिए request कर सकता हूं इसमें सिर्फ तीन से पांच second लगेंगे. हां बोलिए. जी जी तो मैं आपकी call को हमारे feedback IVR पर transfer कर दूंगा. वहां आप rate कर सकते हैं एक से पांच के beach में. ठीक एक सबसे कम होगा पांच सबसे अधिक होगा. Credit को choose करने के लिए धन्यवाद. आपका दिन शुभ रहे. We request you to rate your experience with our expert on a scale of 1 to 5 with 1 being poor and 5 being excellent. Please press the number on your dial pack to You have just helped us improve the credit experience for all our members. Do reach out again in case of any other concerns. Thank you.
095df596-5b74-4815-a86c-c02343a85509,"morning. My name is शुक्रिया. I am here to assist you today. Am I speaking with कुशल या? Thank you for confirming. you have raised a concern regarding credit  Basically regarding the   finance. like you are not able to process the withdrawal request Yeah. I got a message in WhatsApp  that it is active ok. But when I tried to the select  after that it got validated to bank account page but my both of the bank account are disable and it is getting  verification failed. I don't know Ok,  very sorry for that. first of all. Just allow me a moment so that I can check  that. Ok, I have checked  the details and    your concern to the relevant department. So can  be on the line, so that for the update nan you for being connected, I have  highlighted your concern regarding    and the maximum time for the update is sixth of  Ok. So     you will get an update regarding WhatsApp you will get a notification  the support section  you can check the and  it  is the   maximum time will  call the update on or before you will get the stop march sorry, sixth sixth of March. Anything else I can help you with Yeah yeah. Ok no issue and we would get this call, would you like to share your valuable feedback based on the conversation I'm asking before we end this call, would you like to share your valuable feedback based on the conversation. Yes. Thank you so much. I'm forwarding the call to the feedback IVR. You can select 1 to 5 5 being   Thank you so much for  I hope you have a We request you to rate your experience with our expert on a scale of 1 to 5 with 1 being poor and 5 being excellent. Please press the number on your dial pack to You have just helped us"
b6e54447-103c-49f7-b6f0-e8621a56c246,"Good evening. My name is I'm here to assist you today. Am I speaking with साहिल? Yeah, I am साई speaking. Ok. Thanks for confirming your name साहिल. As I can check that you have raised a concern regarding your product   that is not delivered yet. Correct? Yes, ma'am. Yes. Ok. Thanks for confirming the issue, साहिल. I'm really sorry that you have not received your order yet. It's been a long time. I can check. I'm really sorry for that. I will surely try my best to assist you regarding this. Ok? Please stay on nan It's ok. Ok. So as I can check that today was the last date for your delivery happen but you have not received your product. So right now, I will be forwarding the concern to our internal team for which I will be   from you 1 is an alternate contact number and another 1 is the landmark. Can you please provide Please note my alternate number double 7 Wait a minute. double 7 0 1 0 3 Yes. Yes, 1  3. nan Double  ###. ###. Ok. So the alternate contact number is double 7  0 3 correct? Yes yes. Ok and landmark? Landmark backside LIC building back side I billing NCB. I see correct. I see life insurance for close Ok. I have forwarded the concern to our internal team. So for that, I will be requesting you to wait till twelfth of March that is the maximum time frame.  before twelfth of March you will be notified via WhatsApp regarding this. And also, you can check the same on your credit under support section, Ok? Ok. So is there anything else as of now I can assist you with? No, thanks. Ok. So before the call, would you like to share your valuable feedback on the basis of our conversation? Ok. Great. I will be quickly forwarding your call to our feedback IVR where you can rate this conversation on a scale of 1 to 5. Where 1 being 4 and 5 being excellent. Thank you for choosing Cred. I hope you have a great day. We request you to rate your experience with our expert on a scale of 1 to 5 with 1 being poor and 5 being excellent. Please press the number on your dial pack to You have just helped us improve the credit experience for all our members. Do reach out again in case of any other concerns. Thank you and have a good day."
d1a3761b-ffe1-4115-9076-531fc8424088,"evening. This is विशाल calling from on a recorded line. Am I speaking with राकेश? जी sir, good evening. Hi, good evening राज जी नाम confirm करने के लिए शुक्रिया राय जी.  क्या सही समय है आपसे बात करने के राकेश जी, confirm करने के लिए शुक्रिया. राकेश जी, जैसे कि मैं यहां पर check कर पा रहा हूं आपका आपका credit cash के regarding कुछ परेशानी face हो रही है बहुत दिनों से and आपको policy details में परेशानी आ रही है जहां पर आपका जो policy details है वहां पर incorrect date of  के लिए आपको परेशानी आ रही है. हम जैसे ही बता माफ़ी चाहेंगे आपकी परेशानी के लिए. राजेश जी राजेश जी आपसे अनुरोध करना चाहेंगे कि आप क्या कोई photo ID proof हमारे साथ share कर पाएंगे जिसमें आपका account date of birth, mention मैंने share तो किया  में credit  में  share की थी मैंने आधार  आधार card share किया एक बार check एक बार check कर लेते हैं, शुक्रिया confirm करने के लिए. एक बार check कर लेते हैं हमारी तरफ से line पर बने रहें please. जी. जी जी. check कर रहे हैं हमारी तरफ हमारी तरफ से  check कर Ok, हम जैसे कि check कर पा रहे हैं आपने हमारे तरफ एक आपका जो आधार card था वह आपने share किए जहां पर आपका date of with है #### आपसे  बताए Ok. तो यही आपका confirmed date of बात है. हम सही बताया Ok, एक बार एक बार  समय दीजिए. like बने रहें please. थोड़ा समय दीजिए. nan समय दीजिए. आपका जो concern है वह almost यह highlight कर लिया और आपको हम  timeline भी provide करना चाहेंगे  थोड़ा समय line पर  हैं please. Ok, आपको हम बताना चाहेंगे कि राजेश जी आपका concern जो है वह हमने highlight कर दिया है और आपको बताना चाहेंगे कि within next 48 hours आपको हमारी तरफ से एक update provide हो जाएगी WhatsApp notification के माध्यम से और आशा करते हैं कि उस समय तक आपका जो issue है  accordingly address हो जाना चाहिए और इसके अलावा अभी आपको बताना चाहेंगे आपको application में आपका जो like support section है वहां पर ticket ID        इस ticket ID के अंदर आपका जो update है वह आप check कर पाएंगे. इसमें कोई परेशानी हो जाएगी. हालांकि राजेश जी अगर उसके बावजूद भी आपको further कोई परेशानी थी. आपसे अनुरोध करना चाहेंगे आप एक बार हमारे साथ call me back request raise करके संपर्क कर सकते हैं. हमारी team की तरफ से आपको further assistance भी provide किया जाएगा आप निश्चिंत रहे Ok sir, thank You're most welcome. इसके अलावा  जी आपको दूसरी जानकारी से सहायता कर सकते नहीं sir thank you. Ok, राजेश जी आप जैसे कि बताया कि आपको further  assistance  फ़िलहाल के लिए ज़रूरत नहीं है.  इस call को end करने से पहले क्या मैं आपसे एक छोटी सी feedback की request कर सकता हूं हमारे बातचीत के आधार पर आपका तीन से पांच second का  समय लगेगा. हम इस call को feedback IVR पर transfer करना चाहेंगे जहां पर आप एक से पांच तक rating दे पाएंगे. एक ख़राब और पांच बढ़िया rating रहेगा. Trade में जुड़े रहने के लिए शुक्रिया. आपका दिन शुभ We request you to rate your experience with our expert on a scale of 1 to 5 with 1 being poor and 5 being excellent. Please press the number on your dial pack to We won't able to register any input. You have just helped us improve the credit experience for all our members. Do reach out again in case of any other concerns. Thank you and have a good day."
585dd7d4-4a1d-415e-bd6b-c56e3ebcb2d6,"Good evening. My name is नीतीश. I am calling you from Cred on a recorded line. I am talking to संजय? Yeah, speaking. you for the confirmation. I can see that you have raised a concern regarding the credit cash insurance. Right? So, can you Yeah. And   this is a good time to talk Yeah yeah,  please Ok. So can you please let me know your concern so I can help you regarding this insurance? actually I have taken a loan of 5 lakhs through credit हां. So But yesterday, what is the first EMI for paying from my side. a So yesterday I forget to deposit my money to that account. हां. So today I had paid the total amount of first EMI. Ok. So, So so there is no issue for the penalty is the penalty will be issue from the bank side. I can see the auto debit got failed due to insufficient balance on third or March. So they will charge  thing to charge you the ECS mandate charges. Yeah, right right. So right now, right? So might be the charges will be  after the after some time. So in the in the statement you will be able to see that information. Ok. Ok. And But right now you are not we are not able to refund that  as Ok. And 1 thing also actually I have taken 5 lakhs ना for the 12 months period 18 months, So I want to extend this up to  3 or 4 years or 5 years Can you send  that EMI. extremely sorry for the inconvenience रंजीत. So right now we don't have a policy, as per the  1 you have selected the tenurity So then we were not able to explain that. So what you can do you have taken the loan from the credit application. So from the new that what you can do? You can either you can do the foreclosure EMI payment. But EMI date will be not change as per the tenurity basis. You have selected 1 month the  would will be validity only 1 month this will be not extended from your side. No, it  it cannot be extended because as per the policy the where you have selected whatever the modification it will be in the application  don't have option to for the any modification for or any any help from the bank side? You can contact to the new    finance but as per the you have taken from the Cred application, we don't have option for the change of tenurity Ok. So, can  bank help this you can contact to the bank you can ask for the help but from our side, we cannot process with Ok  actually too much money ना 300 4 percent. I completely understand So it is Yeah yeah. I completely understand that. If that will be possible from our end, definitely I will help you. But right now we don't have a option to change the tenurity  I'm extremely sorry for you so much. Apart Apart from this, do you need any No no no. Thank you so much and before we end this call, may I request you to share your valuable feedback based on our conversation? Yeah. you so much. I'm going to transfer this call to the feedback IVR where you can rate our conversation between 1 to 5 1    being   for choosing Cred. Have a lovely We request you to rate your experience with our expert on a scale of 1 to 5 with 1 being poor and 5 being excellent. Please press the number on You have just helped us improve the credit experience for all our members. Do reach out again in case of any other concerns. Thank you and have a good day."
5f2f449a-8d5d-4a8c-bb16-f771a6669087,"Good evening. This is  I'm here to assist you today. Am I speaking with दीपक? जी sir. नाम confirm करने के लिए धन्यवाद दीपक. जैसे कि मैं देख पा रहा हूं आपने concern raise किया है refund  के regarding Confirm करने के लिए धन्यवाद. आपने  का number भी mention किया है जो कि है ### 7 4 8 double  4 जी. जी, confirm करने के लिए धन्यवाद. तो क्या मैं जान सकता हूं दीपक आपने इनको कब refer किया जी confirm करने के लिए धन्यवाद दीपक. माफी चाहूंगा जो भी असुविधा का सामना आपको करना पड़ा हां.   दीप मैं आपको बताना चाहूंगा कि जो आपके refer वह सत्रह मैं दो हज़ार चौबीस से ही credit पर on valid आपको referral and in rewards नहीं प्राप्त होंगे क्योंकि आपके जो refer हो पहले से ही on going है credit कि यहां पर तो show कर रहा था कि fresh nan दीपक जैसा कि मैं देख पा रहा हूं हमारे end हां हमारे credit में   जो पहले   बताना था credit जी मैं समझ पा रहा मैं आपको बताना चाहूंगा कि जो refer की ongoing है जो हुए थे वह मैं दो हज़ार चौबीस से वह रख आप अपनी on loading अपने credit application के home page पर जाकर profile icon पर जब click करेंगे आपको show हो जाएगी. आपकी और कोई सहायता कर सकता हूं credit के   आएगा? yes क्या मैं आपकी और कोई सहायता कर सकता हूं credit संबंधित? जी दिया नहीं आएगा क्या जी दीपक जैसा कि मैंने आपको बताया कि आपके जो refer हैं वह मैं  दो हज़ार चौबीस से ही onboarded है credit आपका refund  rewards प्राप्त नहीं होंगे. Yes yes. मैं आपकी और कोई सहायता कर सकता हूं credit संबंधित? Great. इस call को end करने से पहले क्या मैं request कर सकता हूं आपकी valuable feedback के लिए हमारी बातचीत के आधार Thank you. ठीक है कर दीजिए. जी, मैं यह call अपने feedback IVR पर transfer करूंगा जहां पर आप चाहेंगे पांच  के beach पांच बने रहिए एक माने कम.  चुनने के लिए धन्यवाद. आपका दिन शुभ We request you to rate your experience with our expert on a scale of 1 to 5 with 1 being poor and 5 being excellent. Please press the number on your dial pack to You have just helped us improve the credit experience for all our members. Do reach out again in case of any other. Good"
20059b00-5e96-4caa-98b7-19c0000adae6,"afternoon,     here to assist you today. Am I speaking with अविनाश? Good afternoon, I am ना. can I  can you speak in nan I can speak in English and I'm very sorry, I can speak  line हां, ok ok. Please tell me what is the exact issue you are having actually my EMI  EMI sir and nan my amount was old nan you have 2 EMIs and then I don't payment twice yesterday. made the payment twice. Ok, I can check and  I'm very sorry for that first of all. I can check that the amount that you have paid twice, like both of the amount for both of the EMI #### Sorry, ###rupees and ###rupees is already refunded from our end, ok? It will credited to your account within transaction  5 to 7 working days within that you will get your refund, ok? It is already refunded from our end. is already refunded from your from our end, you will get your refund within transaction  5 to 7 working days. Ok ok ok ok. Ok.  Anything else I can help you? Ok, thank you. Ok no issue and before we end this call, would you like to share your valuable feedback based on the conversation we had? I am asking before we end this call, would you like to share your valuable feedback based on the conversation we had? हां ok ok. Thank you so much. I am forwarding the call to the feedback IVR. You can select between 1 to 5, 5 being excellent and 1 being 4. Thank you for choosing Cred. Have a good day. We request you to rate your experience with our expert on a scale of 1 to 5 with 1 being poor and 5 being excellent. Ok, thank you. Please press the number on your dial pack to You have just helped us improve the credit experience for all our members. Do reach out again in case of any other concerns. Thank you and have a good day."
830a5b45-fbf1-4d79-acf7-a182cbe7e7be,"Good morning. This is    here to assist you. Am I speaking with सादत? Yeah, hi collect. Hi सबा. So, Yes speaking. Yeah. Actually, my credit order is   delivered  and the delivery  person came to my nan and you are unable to network issue. Today I'm really sorry  you're not audible to me your voice is breaking a loan. Ok ok let me know once you can hear me ok? Yes now I can hear you. Thank Ok. Yes, so I am saying that the delivery person came to my house with the parcel. and he took the OTP, but he was not able to input it because of network issues. Ok. So he went back with those parcel and he did not come back. Ok, I got your point. I apologize for that inconvenience  Please don't worry I will help you out with let me inform you that if they have gone back they took the product the left. please don't worry I can check here the expected delivery date for all the 3 items which is left to get delivered to you is within ninth of March They do attempt the delivery priority expected So the expected timeline is within sixth of March till ninth of March But that person also attempted to cancel my delivery because I got the OTP for that that if I want to permanently cancel the delivery of my it  that   OTP. they are Yeah. Ok. Don't share the cancellation OTP may be due to some technical glitch you have received. That is ok but since my parcel reached my door and it went back I am not ok with that. Ok, I got it. I apologize for Yes, can you please yes, can you please make it deliver today itself. Because  with the delivery person and he just left Ok. It can happen that the item be reattempt for the delivery I would request you to please wait for the delivery to take place. And I take as a feedback also first definitely will improve this. Currently, I would request you to please wait for the delivery. Yes, please consider this as an escalation for the delivery person because this is not accept able I take it as a feedback. I take it as a feedback not an issue. Yes. Ok. Apart from this, is there anything I may help No no, that's all. Thank you. Good Ok. So before we end this call may I request you  to share your valuable feedback on the basis of the conversation. Thank you. Then I'll be transferring the call to the feedback IVR. You can rate between 1 to 5. 1 being 4 and 5 being excellent. Thank you for choosing Cred. Hope you have a great day ahead सबा. Ok. Yes right Bye. We request you to rate your experience with our expert on a scale of 1 to 5 with 1 being poor. You have just helped us improve the credit experience for all our members. Do reach out again in case of any other."
be00850c-1822-454d-84bd-7fbbe07c5998,"evening. This is प्रीतम. I'm here to assist you. Am I speaking with शंकर? nan Yeah, is शंकर? Thanks  thanks for the confirmation  पंकज. my product was not getting delivered it is showing out of delivery some September 24 Actually either they will  deliver  product or your cancel  product. First of all, I would like to apologize for this inconvenience and I'm extremely sorry for this issue शंकर As I can check from my end that your concern is regarding to the undelivered product which is from the line. nan Yeah, actually that was  ordered on twentieth of  and the expected  of the product was first of March to fourth of March which is today only and still the product is not been delivered to but  that    regarding Actually it  showing out for delivery from 20 fourth it is showing out of delivery from 20 fourth of  you can  check and check it out. but still the product not get delivered. as I can check from my end that I need to raise this concern to the internal team that's why the product is not been delivered till now. So I will be needing some of the few details like your alternate  contact number and  nearest landmark? Can you please provide me with your alternate contact number and your nearest landmark? it is near  electronics company  electronics company. Near काटा electronics election next company. nan company  कृष्णा this is actually look at in  कृष्णा. Ok? Ok and what will be alternate contact number? 9 double 0 9 double 0 Double 3 0 Double 3 8 double 7 8 double 7 you for providing with this valuable information. I have successfully raise this concern to the internal team. Our internal team will be look into this issue and we will provide you an update regarding this on or before of March twelfth in the credit application in support section and you will be notified through WhatsApp also. until nan Ok, because it's not getting delivered so   after that after that I made  orders due to this is not getting delivered I cancel this all limit orders only waiting this is showing out of for last 1 week So I just want to confirm that  will be in delivered or order what is next  we are going to  we can check it Please  पंकज for this Yes शंकर for this issue only we have raised this concern. So I request you to kindly wait till the given Apart from this, is there anything else  that I can assist you with regarding cred? before we end this call, may I request you to share your valuable feedback basis on the conversation that  right now on the IVR? Yes पंकज? You want to make give a feedback correct? Yes, basis on the conversation at So I'm transferring this call to a feedback IVR where you can select between 1 to 5, 5 being excellent and 1 being poor. Thank you for choosing Cred. शंकर Have a nice Sure. Ok ok. request you to rate your experience with our expert on a scale of 1 to 5 with 1 being poor and 5 being excellent. Please press the number on your dial pack to You have just helped us improve the credit experience for all our members. nan Do reach out again in case of any other concerns. Thank you and have a good day."
02719540-46f4-482b-969e-14b50bbe3285,"Good evening, this is  I am here to assist you today. Am I speaking with मनीष? as you can see that I have purchased  completed from the So I   see that       from the credit and that  is not getting delivered to it's showing everyday we have failed the attempt of making delivery and this has been last 5 days  been trying to receive the delivery partner. has been no reward. I can understand extremely sorry that you  inconvenience we will surely help you as I can check that your product which is from the see company and it is  smart  pack of 2 and you are maximum delivery time which was still first of match and the product has not been delivered yet extremely sorry for that. So I am going to raise a concern to our internal team for that, can you please share me your alternative phone number this is the number is always be available 24 and it is also being on the address right? delivery address. Ok, no issues. registered  the credit. just share me a landmark of your delivery address. which is next to price score. Right code. This is not the first time I have been buying from the credit I have got it  so I  also got the delivery  on time. this is basically apart So did you receive any kind of call or any messages want the delivery partner for? No no, in fact   that I received the number of  delivery partner which have been trying to call for last 5 days. but is been disconnecting my I can understand extremely sorry that you faced inconvenience as I can already  I have already forwarded your concern to our internal team And on or before twelfth of March you will get an update by WhatsApp as well as the credit support section Twelfth of march you will be  days on for this concern basically, it is not for the delivery As I have already That's what I am saying  concern can be   March the delivery always will of course  after that No concern is not concern is raised now. It will be closed within the time frame That's what I'm but too high. That's too high. you ask me the customer who is an  model. 8 days is too हां don't know whether how you want to rate your credit customer. absolutely. It is not like that. It is not like that the concern has been raised and for the maximum timeline which is still twelfth of month, but we will try our best to deliver the product as soon as is there anything else which I can assist I'll go by or I'll go by  conference. Yes, you don't need to worry. The product will get delivered. Yeah. So is there anything else which I can assist you? Thank you very much. just do this much Thank you very much. So before we end this call, may I please ask you for a small feedback on the basis of our conversation? Yeah yeah  no see on the whatever chances you location, I will repeat. will be on the IVR basically. So, I'm going to transfer the call to our IVR feedback. or you can choose from 1 to 5 1 being 4 and 5 being excellent. Thank you for choosing. Have a nice We request you to rate your experience with our expert on a scale of 1 to 5 with you have just helped us improve the credit experience for all our members. Do reach out again in case of any other concerns."
96d97237-1192-4d22-a836-9624908817dc,Good afternoon. This is This is calling from recorded line. Am I speaking with आकाश? हां बात करो बोलिए. जी आकाश जैसे कि मैं देख पा रहा हूं आपने statement भेजा थी अपनी HDFC हां हां. यह आपने payment date to current date भेज में भी आपने current date तक current date जी current date तक मतलब आज तक आज तक की भेजने की आपने आज तक ही नहीं आपने सोलह तारीख तक ही भेजा भी वह bill तो bill generate होता make a जी मैं आपसे request क्योंकि वह details मैंने backend  backend पर मैंने check किया था. उसमें कुछ नहीं इसलिए आपके तरफ से call करने की ज़रूरत जी जी असुविधा के लिए बहुत बहुत माफी चाहूंगा but मैं आपसे request करूंगा कि आप current date तक ही भेज दी यह payment date अभी उसके लिए मुझे bank की customer care तो call करके फिर  requirement  डालने के क्योंकि आपको भी बता nan nan just a billing date  billing cycle का  statement निकलता है और your previous   billing nan जब तक  complete नहीं हुआ तब तक the  statement generate in जी जी नहीं असुविधा के लिए बहुत बहुत माफी चाहूंगा पर मैं आपके साथ एक link share कर रहा हूं. उस पर आप यह attach कर देना जैसे ही आपको  statement मिलकर ठीक है. ठीक है मैं try करता हूं  नहीं किया. ठीक है मैं एक minute यह link share कर रहा हूं आपके जी जी  call पर बने रहिए जी मैंने आपके registered mobile number Ok. आपके registered mobile number पर आ गया है. ठीक है? इस पर आप attach कर सकते हैं अपने statement payment date to current और यह password यह password free format में भेज please. you मुझे आती password जी अगर आप password में भेजेंगे तो please मुझे password बता दीजिए मैं password note down कर लूंगा. ठीक है चलेगा. है password बता दीजिए मुझे अगर आप password में भेजेंगे अभी मुझे statement को मिल जाना statement मिल जाएगा मैं call पर आपको password भी बता दूंगा. Ok आप check कर सकें. nan is possible. जी जी जी. तो मुझे पहले ही बताना पड़ेगा. जी जी मैंने वह link share कर दिया है आपके साथ उस पर आप attach कर सकते हैं. ठीक Ok चलेगा. मैं file को file के name को ही password password डाल दूंगा चलेगा ताकि आपको nan का नाम में password मिला जी मैं बस आपसे यह कहना चाह रहा था अगर आप password format में भेजते हैं तो आप मुझे बता रहे थे और password free for चलेगा. लीजिए दीजिए. जी जी एक second. जी बता दीजिए please. capital में एक nan So 7 0 1 1 0 1 2 यह मैंने ले लिया है password आपका और किसी और प्रकार से सहायता कर सकता हूं अभी credit से related? तो call को end करने से पहले क्या मैं आपसे एक feedback के लिए request कर सकता कर दूं जी जी. यह हमारी बातचीत के आधार पर इसमें आप इसमें सिर्फ तीन से पांच second लगेंगे. आप rating दे सकते हैं. इसमें एक मुझे कर दूंगा ठीक जी जी मैं आपकी call को हमारे feedback IVR पर transfer कर रहा हूं. Cred को  choose करने के लिए धन्यवाद. आपका दिन शुभ We request you to rate your experience with our expert on a scale of 1 to 5 with 1 you have just helped us improve the credit experience for all our member.
05bc2f79-e454-456e-b588-00128c679dde,"morning. This is  I will be assisting you today. Am I speaking with पवन Yeah hi, actually I called regarding 1 of my order which I wanted to return and I see the I don't know what's the current status but on the app it is not showing that it is schedule for pick up and this is the second time I have placed a return request earlier also it got canceled and nobody is coming to pick up the product. I don't know what's going on in the backend Understand. I completely understand and I apologize for the inconvenience caused to you. We will try my best to May I please place your call on hold for you so much for being on line and apologize for the long hold ok so I just wanted to tell you that your concern is already forwarded with our team. and our team is currently working on it. So I would like to request you to  kindly wait till March before this time you will receive an update via WhatsApp notification or you can check the same anytime in your credit  support section. I hope it is I mean the return request gets processed. I mean Yeah, sure. Thank you. it has been taking quite some time. Ok. Thank Understand. Is there anything else that I can assist you  regarding No no, that is Great. Before we end this call, may I request you to share your valuable feedback  on the conversation between Great I will transfer your call to our feedback IVR. You can select between 1 to 5.  Thank you for choosing Cred. I hope you have a great day. Thank you. We request you to rate your experience with our expert on a scale of 1 to 5 with 1 being. You have just helped us improve the credit experience for all our members. Do reach out again in case of any other concerns."
24ba9529-527f-4133-8f7b-0c5eab96d29b,"Good afternoon, this is वरीता. I will be assisting you today. Am I speaking with रोहित? Yeah, good afternoon ma'am. I have raised a complaint regarding my last order. Yes, as it is your product from month Hexa make? Yes.  Yes. Ok. So as I can check in my system that you have  you received an empty box. correct? Yes. Ok. So just allow me a minute. I just need to check few details regarding this. So, could I please place your call on hold? you for being on hold. I'm really sorry for the long hold. So as I can check in my system that you received an empty works and  your concern is already been forwarded to my internal team. Ok?  So I would kindly request you since your concern is already been look upon and they are right now currently working on your concern. I would kindly request you to please allow us some more time. So once we get an update regarding this, you will definitely  you will definitely receive an update regarding this via WhatsApp notification and  support section, I really apologize for the delay please I would kindly request you please allow us some more time. How much time is it? as right now, your concern has already like I mentioned is forwarded. but my internal team is still investigating exactly what happened and why you received an empty box and why was it such a bad experience for you, since you received an empty box. So I would kindly please request you just allow us some more time. You'll definitely receive an update regarding this. I want to ask what time I may I  I will get the resolution. Just since the  since my internal team is already working on it. Just please allow us some Ok? Your concern will be it is already the current my team is currently working on it right now. Ok. I really apologize for the delay तक. Thank you so much. Is there anything else apart from this I can help you with? nan nan Thank you so much. So before ending this call, may I please request you for your valuable feedback on the basis of our conversation? Yeah. Thank you so much. So I'll be transferring the call to my feedback IVR. You can select between 1 to 5 5 being excellent 1 being 4. Thank you for choosing Cred. I hope you have a great day. Thank you so much. We request you to rate your experience with our expert on a scale of 1 to 5 with 1 being poor and you have just"
60a8d089-44c3-411d-b5cc-c24733d5acdd,"Good morning. This is  I will be assisting you Good morning, madam. Good morning, madam. विषय नाम से. Good morning, madam. Good morning, madam. Am I audible करना? मेरा कृष्णा कर मेरा कृष्णा कर Yes, thank you for the confirmation. As you can transaction  credit card  amount debit है madam. transaction  credit card  amount debit है madam. Ok. refund का मेरे refund तुरंत ही पैसा   refund का ले दो मतलब customer पूरा refund का मेरे refund तुरंत ही पैसा   refund का ले दो मतलब customer पूरा credit card. credit card. Ok, करना चाह रही हूं am unable to understand your concern? are you comfortable in English or हिंदी language? तेलुगु madam. तेलुगु madam. which I could assist you in तेलुगु but currently we only have specially  English and हिंदी. Do you have someone around you so that they can speak  on behalf of you? चलो madam. चलो madam. कुछ सामना चाह रहे  currently. Currently Currently, we only support English and हिंदी language. No No Ok. Ok can can I share you a mail with all the information so that you can see that in tell language? हां, yes madam. हां, yes madam. Ok, after this call got disconnected you will receive you will receive the mail from our side on your registered email ID which is Kotak  dot कुछ ना चार at the rate Gmail dot com. Yes ma'am. Yes ma'am. Alright and before we end this call may I request you to share your valuable feedback basis on our conversation? Before we end this call, may I request you to share your valuable feedback basis on our conversation. हां, ok. हां, ok. Yes I am transferring this call to our feedback IVR. You can select between 1 to 5. 5 being excellent and 1 being poor. Thank you for choosing Cred. I hope you have a great day. Ok ok. Ok ok. We request you to rate your experience with our expert on a scale of 1 to 5 with 1 being poor and 5 being excellent. Please press the You have just helped us improve the credit experience for all our members. Do reach out again in case of any other concerns."
