conversation_id,transcript
c4a380c6-2e7e-4bc3-93da-7ee864105ba3,"Good morning, this is सुमित. I am here to assist you today. Am I speaking with तुषारा you so much  for confirming your name. So your request is in regards to Cred cash. Am I right? Thank you so much for confirming  since I could see I have mentioned that you are facing a repayment issue. I am extremely sorry for this inconvenience caused. please understand but exact issue you are facing so that I could assist you accordingly. I made the payment against the credit cash and the night itself. Ok. and still the auto pay was done and their the bank has charged the ECS return that, then   even I have uploaded the screenshot. Ok तो I totally understood your concern that you have made a EMI payment  as I could check the time is around 2  27 AM in the  like on seventh of October you have made the payment. Am I right? Thank you so much तुषारा for confirming. So कुशल as I could check it from my end that you have made the payment around ###AM however, the status of the payment actually got updated around 37 am in the morning. in between that since it was your due date and the payment status was not updated. So as a result around 1 45 AM in the morning, the auto debit was initiated and you have already made the payment manually so when it was initiated it got failed and you have been charged with mandate bounce charges So  I would kindly request you that for your upcoming EMI when you  you want to make manual payment, there is no issue with that. However, if you want to make the manual payment please make the manual payment at least  business prior so the status of the payment gets updated timely and no auto debit will be initiated after that. Ok? No. Now the charges which has been deducted now who will be it. Why should I  if I  made the payment I got the message from the Cred that the payment has been received. Sure कृष्णा. at the exact time when I made the payment credit has got the payment it was  due to update it immediately, they are not updating it immediately they did the auto pay system was done on the actual time it has to be done. But updation of the payment was done at ###AM. the charges which are so basically there was only ###something rupees in my account, it got debited and even that after that, I have a  balance negative balance in count Yes,  I totally understand your concern. So do not worry as a 1 time exception and they will be providing you that charge so for that you have to share us your current updated bank statement with us where the amount that has been deducted is there, so that we could validate and even I have already updated the screenshot I'm so sorry तुषारा but we cannot actually validate the screenshot, we need the current update  bank statement to validate it and raise this concern to our internal team Yeah, you want the bank statement, right? Correct  So So what current current month? for the current and it should be in PDF format and password free so that we could actually validate it and raise this concern to our internal team. Yeah yeah.   I have already downloaded where upload So I have actually shared you a link to your registered phone number and the last 4 digit of the phone number that I could check it ###. Am I right? Yes, but I have not received the line. Ok, you have not received any link. Right? Can you share on this number? Actually, the link will be shared to your primary number only. Any other option where the link will be Yes actually I will be sharing you a mail you can actually reply to that mail and you can add attach the Yeah, you can share the email. Yeah, please share the mail. Sure. So I am sharing you the email to your registered email ID which is   r  j   9 at the rate Gmail dot com. Am I right? Thank you so much for confirming. Please be online. while I just you the mail. I have already shared you the mail विशाल. So could you please kindly check whether you have received it or not? sir but I have not received Just allow me a moment. Actually, I have shared you the mail  few seconds only. So once you share the file, just kindly let me know to check so that I could check it from my end. the amount has been deducted today. and I'm not able to select the statement for Ok, तो So in that case, you can do 1 thing that once the amount is generated, the link that like the mail that I have provided you, you can actually reply to that mail and we can add attach the file and once you add attach the bank statement  call will be initiated from our end and we will be assisting you further with your concern. In that work for you तो? Ok, tell me 1 week. reverted for the amount will be down the amount debited or the whole total which is negative. So the amount that got debited from your bank account as a mandate voucher, we will actually refund that like proceed for the refund for that amount. No, even negative balance is also there. So negative balance is there for that, I would kindly request you to share to keep sufficient balance in your account. Once you give sufficient balance the amount will be deducted and after that, you can share the bank statement and we will validate those charges that was being made to you and we will actually proceed for the refund for those amount. Ok? Thank you so much  for understanding. So, do you have any other query regarding  that I may assist you further? No, I didn't receive any email Ok. So I have actually shared your  your registered email have not yet received email? Ok, तुषारा but I have actually shared you the like email like the mail   email registered email ID which is Ok sir. wait  a second. Sir. down call regarding credit cash loan. If you need   request  for  the  support section I have received. the mail regarding that I have made a call to But there is nothing regarding that  I can upload anything. actually you have to like reply to that mail and you have to add attach and you have to upload the file. Ok ok. So since you have mentioned that the link is not actually working So for that I have shared you the mail. So there is no specific link in that mail. you just have to reply to that mail and you can add attach to 5 and you can share it with Yeah, the email email is credit support load support at the rate crate dot Correct विशाल. So once you upload the file the call will be initiated and we will be validating your concern and assist you accordingly. Thank you so much  for your valuable time and also पुछा, do you have any other query that I assist you further with? cancel  the credit cash balance right now Ok. So as I have understood your concern you want to know the credit cash balance Am I right? Ok. So for that, actually just be online. Ok so as I can understand that you want to know regarding the credit cash balance Am I right? So as I could check it from my end that currently the credit cash feature is not available for you because there is a change in our lending partners available like approval criteria. So this is the reason why currently it is not available for you  do not worry because we are working on adding more lending partner. So once it's done you will surely receive a notification from our end through WhatsApp and SMS.  after that, you can retry the withdrawal procedure Ok? Thank you so much for your valuable time पर and also before we end this call, may I request you to share your valuable feedback basis on the conversation that we had. Ok ok. Thank you so much.  I will transfer your call to our feedback IVR. You can select between 1 to 5 5 being excellent and 1 being 4. Thank you so much for choosing I hope you have a great day. We request you to rate your experience with our expert on a scale."
c5255fb4-39de-420a-b167-50cb0969101e,"Good morning,  this side I'm here to assist you today. Am I speaking with प्रवीण? Thank you for the name confirmation. प्रवीण. As I can see that you raised the concern for your payment of ###rupees. prepaid to संजय. Yes sir correct. also ###rupees and   So the total amount that you have paid is ###rupees and eighteenth of September you made the transaction Yes, correct. I can see there is a multiple attempt that May I exactly know how many times your amount was debited nan reward. Yeah. Thank you for confirming. And also, I can see that you provided us the screenshot or PDF already shared the ticket document. bank time, Ok. provide me a moment. I'm just opening it from my end. I really apologize for the inconvenience that you have faced on the credit application. Rest assured I will surely try my best to help you regarding your concern. Ok ok. Please I requested Yes. Now it's open over here. So it's still not updated over there. nan No refund has been initiated Yeah, refund Ok for ###rupees Minus I can see over here is ###rupees  पैसा. Yeah yeah. But when I am checking the statement प्रवीण. There is no deduction on the name of credit application. with the statement that you have shared over here there is no deduction of this particular amount of 60 24 rupees   पैसा. on the name of credit application. you come audible? Yeah yeah yeah Yes, रवि. So if there is no deduction on the name of the credit application how  how we are supposed to provide you any kind of refund regarding there is any deduction of the amount on the name of the credit application, we will surely assist you with I would right now by seeing the statement, I really apologize there is no deduction of this particular amount on the name of the credit application. Ok ok. I really apologize if there is any deduction request you to please connect with the respective Ok. Thank you. Most welcome. Anything else I can help you related to credit apart from Nothing nothing. then on the basis of a conversation प्रवीण, may I please request your valuable feedback? will just take a Ok ok. Ok, thank you  so much. I'll be transferring your call to our IVR feedback over there you can rate between 5 to 1  being  and 1 being Ok. Thank you for choosing  प्रवीण. Have a great day. We request you to rate your experience with our expert on a scale of 1 to 5 with 1 being poor and 5 being excellent. Please press the number on your dial pack to You have just helped us improve the credit experience for all our members. Do reach out again in case of any other concerns."
c61d0420-a312-412d-afdb-84d7f3e0c9dd,"morning. This is रिया. I am here to assist you today. Am I speaking with मंजीत? Yes, thank you for confirming. I see you have raised a request in regards to the credit cash issue Right. Yes, can you please tell me what you want to Actually, I was withdrawing amount on second of October by some take but later on the same day  refunded the money. But still it is not reflecting credit cash. So I am only   once the  page perfectly or not. on the same day as  on  second of October only you have made the payment of the amount? Yeah. Yeah. Ok. So after canceling with you. Ok, so you received the screenshot from so you received the link from us to make the payment Yeah. and after that I also send a mail to get  the screenshot of the payment will done what I done. Ok, so have you shared the screenshot with us? Yes. Ok just allow me a moment to check Yes sir. हां हां the Thank you for staying on the call. Yes, रंजीत. So actually what I can see  we have not received the amount sorry, we have not received the screenshot of the payment. So I'm sharing a link with you. They via the SMS if you click on it, you'll be redirected to the Cred app there on the option called add attachment. I would request you to please add the screenshot of the payment. nan But I already attached in the previous  support ticket number if you can see the previous  number of mine, it was clearly attach the I understand but we do not have that at this moment so I would request you to please share the screenshot once. 1 second, Just allow me a moment. Yes. Ma'am Thank you so much for staying on the call. Yes. I have found the screenshot that you have shared with us I'd like to inform you that I would request you to please wait for 7 days from the date of the payment and within that time, the loan will be closed. Ok. So it was done  because it is not reflecting  that's why I am little continue with it was done or Yes yes. Definitely. I have put it in a wrong Yes yes please do not worry. It will take some time for it to be updated as closed. but do not worry within 7 days from the payment date it will be updated. Ok. Yes. Is there anything else I can assist you? No no no thank you. I just want to confirm this You're welcome. Ok before we end this call, may I request you to share your valuable feedback on the basis of our conversation. I will be transferring the call to the feedback IVR. You can select between 1 to 5 or 5 is excellent and 1 is 4. Thank you so much for choosing Cred. I hope that you have a great day ahead. Thank We request you to rate your experience with our expert on a scale of 1 to 5 with 1 being poor and 5 being excellent. Please press the number on your dial pack to You have just helped us improve the credit experience for all our members. Do reach out again in case of any other concerns. Thank you and have a good day."
c82a3322-e1f6-482e-af70-66d6aee9c8c8,"Good morning. This is  I'm here to assist you today. Am I speaking with Can you for confirming. As I can see that you have a request regards to repayment Am I right? of the fourth of the second seventh October. Can you please tell me what is the exact issue you are facing regarding the auto payment sorry, the repayment? my amount was paid not deducted the amount  amount is refunded us today I'm really sorry but I couldn't understand your query. Can you please reach amount not my amount pay in today हां transfer problem is payment is pending, so  15 minutes amount credited to my account repayment So as I can understand what you are trying to say is that on seventh  October the auto debit got tracked right? and on second seventh October itself. you tried to pay the EMI manually but it failed. हां, ok. and the a  refund of it? Ok, today auto debited  not debited. Ok so you want to know whether the whether you auto debit  to be trigger or not? Ok. Just allow me some time. I'm checking the details and I'm really sorry for the inconvenience  you are facing but don't worry I will try my best to help you. Please be online. can I please put your call on hold for a minute? nan nan you for staying on hold. and really sorry for the long hold. As I can see that the auto debit is still in processing state. ok? So I would request you to wait for 48 hours within that 48 hours. The payment  the auto debit but auto debit might be failed or completed. Ok? If you get an update from regarding auto auto debited in last day  today, Yes, auto debit your due is seventh of every month. So definitely it is date of auto debit. Ok. So I request you to wait for 48 hours. Ok? Ok,   charge  No  ma'am, no no. charge charge  चारों there is a extra charge for EMI, but see if it fail, then there might be some ECS charges ok? from your So for that, if you need any help you can call us back. Ok? We will help you regarding auto debit auto debit at the timing see auto debit doesn't have any exact time because it can be the anytime within the due date within the 24 hours of the due date. Ok? So we don't have any kind of fix time  auto debit. ok? So I would request you to maintain  sufficient funds Ok. again today Ma'am today in last day  man was manually pay so auto I would request you to wait for 48 hours. even  after 48 hours if the payment auto debit got failed, gets fail then after that, you can pay the EMI manually. But as of now, I would request you to wait because if you pay  again, there might be some double debit problem. ok? So I would request you to wait for 48 hours. Ok ok. So is there anything else I can help you with? No, the credit  customer contact now. Unfortunately, we don't have any kind of customer care number for But you can call us back to the voucher that you made previously calling us. Ok ok ok. and if you need any help, please feel free to reach out to us. No no. Ok. is there anything else I can help you Ok. So before ending this call, can I ask you to give us valuable feedback on the basis of our conversation? Yes yes. Ok. So I will transfer your call to feedback IVR. You can select between 1 to 5. 5 being excellent and 1 being 4. Thank you for choosing. I hope you have a great day. We request you to rate your experience with our expert on a scale of 1 to 5 with 1 being poor and 5 being excellent. Ok Please, you have just helped us improve the credit experience for all our members. Do reach out again in case of any other concerns. Thank you and have a good day."
c9d3573f-7ca1-4865-b3e7-19ba00e56aef,"morning. This is श्वेता.  here to assist you today. Am I speaking with प्रवीण? Hello. Yeah. Yeah. Am I audible? Am I audible to nan Your voice is not clear. Your voice is not clear. जी. Hello. हां, 1 second. Yeah, actually   added money to  when I tried to cancel the money it is showing nan nan Yes, I re is my Ok. So you are doing KYC process and it is showing to you same ID mismatch right? Your voice is not clear. what it was I I did the  possible. in the same  I  change the same same number. nan ठीक nan Ok. Thank you for the name confirmation. I understand the concern you are facing right now. apologize for the inconvenience प्रतीश. Please be assured I am here to assist you with the same. Please allow me some time. is being actually. please allow me some time. Ok, I have forwarded your concern to our dedicated wallet support team who will get back to you within the next 4 hours. Am I audible to Am I audible to you, प्रदीप"
ca0b3e5b-5544-4cff-9e75-eeee8c78f755,"Good morning. This is समित calling from Cred on a recorded line. Am I speaking with प्रतीक? Yes  taking. you so much for confirming your name. As the last call got disconnected due to some technical issues. Is this the right time to So please tell Ok ok so I was informing you that I am forwarding your concern to our internal team so that they can check it on their end as to why the bill has not received the payment and we will share  update regarding your concern प्रतीक by the maximum time frame of fifteenth of October. But please be rest assured. This is just the maximum time frame as soon as we have an update regarding your concern we will connect with you via WhatsApp and you can also see these updates on the credit application also. Ok? Ok   ok. actually your प्रतीक is there anything else I can help you with? No, You're most welcome. Before we end this call may I request for your valuable feedback on the basis of our conversation, it will only take a moment. Ok, great. I will be connecting your call to our feedback IVR where you can rate between 1 to 5. 5 being excellent and 1 being 4. Thank you for choosing Cred. I hope you have a great day ahead. nan We request you to rate your experience with our expert on a scale of 1 to 5 with 1 being poor and 5 being excellent. Please press, you have just helped us improve the credit experience for all our members. Do reach out again in case of any other concerns. Thank you and have a good day."
caeeb01c-ff64-4fbf-99e9-f28eb2435dd9,"Good morning. This side ऋषिता I assist you today. Am I speaking with साकिब? Yeah, fine. for the  confirmation से. So as I can see that you have raised your concern regarding the repayment issue. Am I right? Yeah, actually the payment like I took the loan from the credit So right now yesterday I made the payment manually and today it's auto debited. So can you refund 1 payment Ok. So is correct   wrong. you said that you already paid your EMI Pay. However, your auto debit is already initiated That's the  right? Yes yes yes. Ok. I'm really sorry for the inconvenience,  but I would like to inform you 1 thing that your auto debit is already initiated  ###AM. Ok? On your due date because seventh is your due date. So if you want to meet the I mean payment manually just do it at least due day prior from your due date. So what will happen that your bank will get the update and you want initiate your auto debit. nan Ok so I thought so that 1 is processing in processing so I thought that 1 is not debited so might be possible that 1 is reflect to my loan payment and I have to pay the extra charge that is the penalty So that's the reason I yesterday I made the payment but it is possible to refund. Ok. So basically, totally understand  your conditions. But you made the payment today  3 AM. Ok? So if you have a sufficient balance in your account and your auto debit got initiated the no need to worry about this because it will deduct it. Ok? How Yeah, last  last time that 1 is not debited so like I  paid manually so that's the reason this month I I made that   but yeah make sure next time I will Ok ok I understand that. But in our system it's showing now you are auto able to still initiated and it's showing processing However, right now we are unable to face the data on this. So we just request you to please wait for 48 hours because your EMI status will be updated within 48 hours and once it's updated then you will reach out with us. We check the data and then we will inform So can I get the refund? Yes, Yes, I understand. what I am saying is your amount will deducted twice So we will try our best to refund that amount to you. If it's not possible that it will be adjusted with your next month EMI, So your auto debit won't be initiated next time. However, right now Actually I need money. So if it is possible so like  refund Yes, I understand Yeah, you can take time. You can take time  1 or 2 day I will wait but I don't have sufficient amount in my account right now. So  that is the reason I  money. Ok, I totally understand that because I can see that your EMI amount is ###. So definitely you need money and for that reason, we are unable to give you any assurance about the out for that's why we ask you to please contact with us after 48 hours. So we can face the date and   help you accordingly. Yeah. So can I call you directly in this number? Ok. So we don't have that we don't have that exact contact number. So you just create  ticket is like  date right now. And then you just select the call me now option. We will return. जी. nan Ok ok. So apart from this, is there anything else I can assist you? No no no thank Ok great. So before we end this call, may I request you to share your valuable feedback basis on our conversation? So I'm going to transfer your call to feedback IVR where you can select between 1 to 5, where 1 being 4 and 5 being excellent. But you for choosing. Yes tell me. No no, nothing. Ok. Thank you for choosing. Have a great We request you to rate your experience with our expert on a scale of 1 to 5 with 1 being poor and 5 being excellent. nan that nan Please press the number on your dial pack to no You have just helped us improve the credit experience for all our members. Do reach out again in case of any other concerns. Thank you and have a good day."
cb78f5f4-596b-4df6-b858-6c6910d8a157,"जी. जी ma'am   sure से बात कर रहे हैं ma'am. धन्यवाद नाम confirm nan हां ma'am आपका hours थोड़ा बहुत कम आ रहा है बहुत अभी ठीक हां जी ठीक है ma'am. जी हां जी आपने जो order place किए थे text no sports नहीं हुआ था  delivered mark हो गया नहीं नहीं यह इसमें क्या हुआ है कि ma'am यह deliver हुआ नहीं था मुझे मेरा सामान नहीं मिला है. हां मैं फिर इतना दिनों के बाद में वह deliver mark हो गया है. मैं कितने दिनों के बाद में मैं गया but में गया उनसे बात किया अगर घंटा  घंटा wait करना पड़ा  लोग बोले  कि यह deliver हो चुका है. हां यह आपको नहीं मिला है. मैं बोला मुझे मिला ही नहीं आप ढूंढ  मिलेगा तो उन्होंने थोड़ा हो जा को बाद में उनको मिला जब मुझे deliver ना हो गया मुझे नहीं किया है तो यह आपके पास में parcel क्या कर मैं समझ में आया हां जी मैं समझ उनके पास कहां से आया मुझे जब मेरा parcel on गया तो यह कि इसका parcel है मेरा नाम का मेरा address का वही देख का. वह by mistake मतलब वह क्या हुआ है कि delivered दूसरा का parcel हुआ है but मेरा parcel का photo check करके उन्होंने  upload कर दिया है वहां से मेरा delivered mark कर दिया है जिसका delivered हुआ है उसका delivered mark नहीं हुआ है but उसका parcel उसको मिल गया और मेरा parcel का photo check करके वह photo में भी  पड़ा है system में manually उनको आप नहीं है पांच. पैसा तीन हो गया मुझे परेशानी हुआ आपका सात दिन तक मैं wait किया उसके बाद में मुझे जाना पड़ा एक तो credit ऐसे ही दस दिन का समय लेता है कम से कम आपका दस दिन का समय लेता  उसके ऊपर आपका दिन और  लग गया पंद्रह दिन का समय लग गया मुझे वहां जाना पड़ा आधार घंटा पैंतालीस मिला उनसे बात करना पड़ा पूरा  खुद ना पड़ा उनका office में  नहीं जा करके मिला  उन्होंने अपना गलती accept किया यह तो ma'am गलत बात है ना समझ पा रही हूं. माफी चाहूंगी परेशानी के लिए. इसके regarding. नहीं यह Amazon credit card थोड़ी है ma'am एक credit card है समझ पा रहे ऐसा तो नहीं होना चाहिए ना समझ पा रहे हैं आपकी बात माफ़ी चाहूंगी परेशानी के लिए. बताना चाहेंगे इसके regarding feedback team के साथ और merchant के साथ ज़रूर share किया जाएगा. लेकिन next time से ऐसा  ना हो और जैसे कि आपका issue दुबारा forward किया गया था team के पास तो team से information आया है कि courier validate किया आपको order मिला जी ma'am. मैं तो आपको बोला हूं. अच्छा अभी आपको मिल गया है आपका मेरे पर बाद में मिला है but बाद में मिला  है यह दूसरा बार मैं  complaint करने के लिए आपको मैं यह किया दो बार complaint जब किया था,  दूसरा बार के बाद में  गया था लेने के लिए वहां पर वह लोग अपना गलती   मुझे ही नहीं है तो  कि  आपका आपने mail लिया है और एक तब जाकर ले लिया था यह parcel आपके पास कहां से समझ पा रहे आप बताइए. समझ पा रही हूं आपके बाद में उन्होंने अपना गलती accept किया तो परेशानी तो मुझे हुआ ना मुझे तो अपना parcel मिल मैं समझ पा रही हूं आपकी बात माफ़ी चाहूंगी परेशानी के लिए. इसके regarding feedback  के साथ  merchant के साथ ज़रूर share किया जाएगा ताकि  time  ना. nan आज तक ऐसा नहीं हुआ ma'am कोई भी partner के साथ में कभी नहीं हुआ delivery      के साथ ऐसा नहीं होगा  से ही नहीं हुआ यह first time हुआ तो गलत है कम से कम भेजा ठीक है कोई बात नहीं customer एक आया उसने दूर से एक बार ढूंढने तो  वह ढूंढ भी नहीं रहे हैं time नहीं है ना पड़ेगा ना का का आधे घंटे  पैंतालीस तब जाकर के उन्होंने   निकाला  अपना गलती accept किया तो मैं क्या बोलूंगा जगह थोड़ी करूंगा मुझे में क्या मैं चला आया और क्या बोलूंगा कुछ भी नहीं बोला यह परेशानी तो हुआ ना ma'am. समझ पा रही हूं आपको order मिला भी but वह बहुत परेशान के बाद आपको मिला जी. वह पैसा नहीं है ना. माफी चाहूंगी हम लोग भी चाहते हैं कि कोई भी customer को ऐसा  face करना पड़े. इसके regarding strong feedback share किया जाएगा कोशिश करेंगे next time the यह अगर cash  delivery होता है तो ma'am ऐसा नहीं होता but यह prepaid credit का  prepaid होता है ma'am यह  तो इसीलिए इसीलिए यह side mistake हुआ ठीक है कोई बात नहीं mistake होता है ma'am ऐसा बात नहीं  काम से होता है कम से कम पूरा customer का बात कर सुनने चाहिए. हां जी, credit में नहीं समझ पा रही हूं. समझ पा रही हूं. धन्यवाद इतना समझने के लिए. आप चिंता मत कीजिए कोशिश करेंगे जी ठीक है ma'am इसको resolve कर दीजिए इसको दिया था यह ठीक है इसके अलावा और कुछ सहायता मैं आपको कर सकती? नहीं नहीं  बहुत बहुत धन्यवाद मैं  अपना सामने कोई बात nan एक छोटी सी request है call खत्म होने से पहले क्या मैं आपका call feedback के लिए transfer कर सकती हूं इस conversation जी जी जी ma'am. जी जी जी. ठीक है. तो उसमें आप एक से पांच के अंदर number check कर पाएंगे. एक होता है, सबसे बुरा पांच होता है सबसे अच्छा. बहुत बहुत धन्यवाद. मैं पांच दे देता हूं आप कर दीजिए. ठीक है ma'am. धन्यवाद. धन्यवाद  बने रहने के लिए. आपका दिन शुभ We request you to rate your experience with our. You have just helped us improve the credit experience for all our members. Do reach out again in case of any other concerns. Thank you and have a good day."
ccab463f-cd92-48c0-b153-6ef0784dbe96,"Alright. Thank you so much for giving  the   how   the   proper मैं Good morning, this is गुप्ता here to assist you today. Am I speaking with रजत? Yes. You can see my transaction right? Yes, I can see प्रिया your concern is regarding the transaction. Do not worry I will help you and thank you for your name confirmation. I can see this transaction you have made on third of October and the amount of rupees 1 lakh 11 rupees right? Right. they asked me to wait till ### which I waited And till now my money is not yet Alright. So really sorry for the inconvenience caused to प्रकाश. I do understand your concern regarding the refund. Do not worry. I'll surely help you. You made this payment towards your SBI bank credit card    card   number and you have confirmed that you have not received the refund. So would like to inform you प्रकार Please be on call, I am checking in the send Alright? this refund has successfully completed to your bank account ending with  0 at ICICI bank So you should see the amount reflect in your statement by the maximum time frame is fourteenth of October. Within this time frame at any moment you will receive the refund because it's already has been completed from Cred side. And refund details and the UTR number is also available and you can same find it out in your application to प्रकार then they told me it should reflect by sixth of   the transaction was Ok. You will ask me to wait till I wait asked me to wait till fourteenth of October Really sorry for the information पत्ता that you facing to wait this time frame. Not a small amount  ###rupees I would have understood. I would have waited for that long it's a big amount  should have prior Yes. Yes,  I do understand your point. This is not the small amount. If   the situation   the same. I like to inform you  refund on fourth of October your refund has successfully completed from credit side as per the banking standard processing time, we have requested you to please wait. and also  this is a maximum because once the credit has completed the refund there are possibilities just at any moment you will get the refund in your source account. This is a maximum time frame only and I'll take your ward as a feedback and definitely try to improve our services as well. पता I can see that rupees of 11 you have added from the credit  balance while making this payment. So 11 rupees you will get the same in your credit balance. and the rest amount in your source account. you think I'm here about 11 rupees there no it's not that it is  bigger amount. Yes. You are absolutely correct. Kindly do something and it should reflect in my account by today evening. what I can hold  I will raise a customer care raise a complaint against Ok. because my I told them and it was raised that by sixth end of the day that  ###PM. you will receive the amount in your account now it is 14 October. which is very very rare. really regret that you're facing this issue प्रजापति. Sorry for the inconvenience caused you, but as the already the refund has been completed. So there possibilities at any moment you will get the refund in your source account. This is the only the maximum time frame which I have you tell me net banking or maybe if I make a UPI payment directly in fact it comes to my account or deducted You can same while sending the amount why it is going to take 14. But the amount has been already calculated or already transferred. how it will reflect till 14. regarding somebody sending some  amount to anybody account. It should reflect within an hour or maximum Yes. You are absolutely correct at your point प्रकार for that, I would like to inform you, yes you are right that if the refund has been initiated it should be refunded immediately within 1 or 2 or So  I would like to inform you we have the feature that is called instant refund Right? So in that if you add your seeing an UPI account there you will get the refund within 3 to 4 hours. I can see that that was not added and systematic all all the things are happening. So automatically it was fresh that the instant refund account was not added that is the reason now you are receiving your refund in your source account. But if that account but  now you tell me it is the duty of the customer service to tell me that you have to add your UPI Yes, you are I would have added that there and there on the third when I called  the customer service. I could have given them the UPI number or whichever the formality in our system I would have done Yes I understand प्रसाद would like to inform you when the refund has been initiated you will get the notification that to set up your instant refund account. So did you get the information on your WhatsApp or message? I got it. Yeah. I got it. I have touch it   yes yes also because already it is install my system yes, it is been initiated. Yes. Yes, I remember There was a link which you said initiate refund. I why that was not considered. I really sorry for the inconvenience caused to  but as the instant refund account was not added that is the reason now you are receiving your refund in your source account but this is the maximum time frame  as I tell because this refund is completed from Cred. at any moment you will get the refund in your source account. I request you to please wait for this maximum time frame प्रजापति. Yes, am I audible? I am I can hear you with don't know how to wait till I understand your situation for the same I believe you will receive the refund as soon as possible because this is the only maximum time frame प्रजा So is there anything else apart from this  I can assist you? No. I will not use  services anymore. That is that the concern credit has last  customer ok. Really sorry for the inconvenience caused to रजत and I'll take your words as a feedback and definitely try to improve our services as well. So before we end this call  may I request you to share your valuable feedback basis on our conversation. I was Alright. No issue. Thank you. If you need any assistance in future, don't hesitate to reach out to us. We will be more than happy to assist you. Thank you for choosing Cred. Hope you have a great day ahead. Thank Ok nan"
ccbe8e52-e722-4e07-ae5d-911deecc74ba,"Good morning, साकिब this side I'm here to assist you today. Am I speaking with जगदीश? Yeah. Hi, good morning. you for the name confirmation जगदीश. I can see that you raised the concern for your insurance payment which you  towards HDFC Life Insurance. of amount 1 lakh ###rupees. this  credit balance that you used of 5 rupees you paid the amount on fourth of October from the HDFC Bank account ending with ###. are using the mode of  UPI. and गणेश as far as I can see from my that your payment you have made 2 attempts May I exactly know how many times your amount is debited I made only 1 attempt and it was debited and currently, it failed. I'm looking for a refund. nan credited into my bank account Ok, जगदीश. So I do understand your concern very कल. Thank you for rating rating your concern. I really apologize for the inconvenience that you have faced on the credit application. I will surely try my best to help you. And as   I can see that your transaction was also complete almost completed from our end. But at the very last moment, the transaction got failed due to some technical issue or may be due to some connectivity issues गणेश and as per as I can see from my end that the refund is also initiated from our end. Ok? towards the source account from where you just make the payment as IDFC Bank ending with 20 25. It is completed from our end. But to reflect in your bank account. It will take transaction plus 5 to 7 working days. to reflect in your banking account. Ok? Why is it that Actually, make  too much right? Yes, I do understand that it's too much for but I would like to inform you that  the standard timeline as per the banking So whatever transaction,   third party do it takes transaction to 5 to 7 working days to reflect on your bank Even that some time, even from our end, I can see on fifth of October itself. The refund is completed. that we have initiated the amount and it is completed from our end. It has reached to bank but it takes transaction of 5 to 7 working days to reflect which is the maximum time frame जगदीश. It may happen that it will reflect soon. or I would like to inform you also the transaction for 5 to 7 working days does not co the second Saturday, Sundays and the bank holidays, on fourth Saturday, that's why it is taking fourteenth of October at the maximum timeline. Ok. If Yes, fourteenth of October. Ok. Which is the maximum time frame जगदीश. If your refund is not received by you till fourteenth of October. After that, you can always raise a call me back request that you haven't received any kind of refund. We will surely assist you with that. Ok, is there any way to expire it I really apologize जगदीश. but the refund has been completed from our end and now it's depending on the bank end. It is transaction plus 5 to 7 working Just   to reflect over there. you can connect with your bank with today to find about the refund. after the 7 hours to the 7 days  to be completed. If still you haven't received any kind of refund. You can connect with your bank and request  to check you are you have got any kind of refund Ok fine. So from your side, you cannot help me  that Yes. from our end जगदीश. the most we have done is the refund is completed from our end. Ok जगदीश. So anything else I can help you related to credit apart from Ok, जगदीश. Then may I please request your valuable feedback? This is based on the conversation that we you so much. I'll be transferring your call to our IVR feedback over there you can rate between 5 to 1, 5 being excellent and 1 being poor. Ok? you for choosing. Have a great day. We request you to rate your experience with our expert on a scale of 1 to 5 with 1 being poor and 5 being excellent. Please press the number on your dial pack to rate. You have just helped us improve the credit experience for all our members. Do reach out again in case of any other concerns. Thank you and have a good day."
cce5e904-3527-47b4-899a-e786146bf831,"Good morning. This is साहिल. I'm here today. Am I speaking with राजन? nan Thank you for confirming. I  request in regards to your credit cash foreclosure. Very good morning. This is प्रशांत Yeah, so yeah so recently I have not for emergency fund right ok. So the EMI has been started it. So when I open for it, I just choose  EMI of 9 months. Yes,  actually Yeah. So my my concern is if I can increase my you know, can you of the EMI is it possible So as you have returned   all on it is active, right? So the concern that you are asking for that particular loan it is active that is loan नहीं है. Your voice is breaking. money. Ok. I am saying that could you please let me know your loan amount It's 2 lakh nan #### Yeah yeah correct.  correct correct. basically you're asking to increase the tenurity right? Yeah yeah correct. Ok. Could you please allow a moment to check on this? Sure sure. May I please place your call on Yeah yeah sure. Thank Thank you win line. I'm really sorry for the long hold. So  are asking to increase the  tenurity as I can see that is why you are already on going loan. Yeah sure. and it is not possible to make any kind of changes in your on going active loans. You have only that option you before you have taken the loan. and it is not possible to but EMI has not yet started right? It is from November. Yes, I know. Yes. I know but the thing is, it is already on active loan and you are having that the particular for  by the next month  I do understand but the thing is, it is already active loan. Right? So which is why  we are unable to make any changes regarding any kind of active. Yeah. ठीक ठीक. It is already on active loan and also you have proceed for the loan and they will be before the proceeding for this particular you would having a option you can see that tenurity in the over few pages Yeah yeah. I do I know so that time I I was in  as I mentioned that I can make the payment before the EMI starts So I Yes. I my my decision of that  that time. So that is why I just kept 9 months so that my interest  would come down. So now  my plan got changed so that I need to change the EMI. for It is yes I do understand but the thing is there is no we can't make any changes in your ongoing active loans. Ok. Yes anything else So you could you can't even raise this to higher authority sir. No no, it is it is already on going after it is already registered with the everything. जी जी. Yes. you would have a chance only before the proceed for that loan and after that it is already you have proceeded  completed everything. So it is active Yes  is why I'm unable to change make any kind of changes regarding to this loan. Ok fine. Sure. Thank you. Yes, anything else? No no, nothing. Thank Ok before we end this call, may I please request you to share valuable feedback on the   conversation. Yeah  sure. Thank you so much. I will transfer call to our feedback IVR. You can  between 1 to 5   1  Thank you for choosing. Have a great day ahead. We request you to rate your experience with our expert on a scale of 1 to 5 with 1 being poor and 5 being. You have just helped us improve the credit experience for all our members. Do reach out again in case of any other concerns. Thank you and have a good day."
cde5ab35-a786-4335-8d9e-303b22ca16be,"Very good morning. My name is नीतीश. I'm here to assist you today. I am talking to रानी? Yes, बोल रहा हूं कि मैं  paid money से  loan लिया था तो  एक तारीख को उस दिन ही मैं आपका executive से बात करके executive  मुझे link भेजा था मैं repay कर दिया था उसका screenshot Yes. But आपका  हो चुका है मेरा loan अभी active दिखा रहा है  मेरा due amount दिखा रहा है  लाख #### नहीं बोल पाएंगे वह कब तक close होगा? मैं माफ़ी चाहेंगे आपकी परेशानी के लिए. आपको जो total जो है हमारे records में जो close होने में total सात दिन का समय लगता है. Ok. तो आपने आपका जो repayment किया है. हां जी. मैं check कर लेता payment कर दिया एक minute का समय आपने loan cancellation की request raise की थी उस समय ना उसी दिन   भी amount credit हुआ Ok मैं check उस दिन  में payment But हमारे मैं check कर पा रहा हूं हमारे पास अभी तक कोई भी आपने दो तारीख को यह concern raise किया था फिर चार तारीख को फिर आपने चार तारीख को एक concern raise किया है एक minute का समय दीजिए. क्या concern आपका screenshot एक तारीख को share किया गया है मैं payment कर दिया हूं एक तारीख एक तारीख को आपने payment किया है. मैं check कर लेता हूं एक तारीख को  ticket raise है या नहीं. एक October को आपका एक ticket raise है. Ok, मैं check कर लेता हूं payment का screenshot आपने भी share कर दिया है. तो आप आज तक का wait कर लीजिए हमारे records में जो close होने का  7 days का समय लगता है. आज तक के अंदर यह close हो जाएगा. मतलब आप confirm कर रहे हैं ना ना क्या बोल रहे हैं उसका एक तारीख को loan  pending एक तारीख का payment आपने कर दिया है loan cancellation का जो payment होता है आपने कर दिया है. आपने return कर दिया है पैसा आपने screenshot भी attach कर दिया है तो उसको close होने में maximum 7 हमारे 7 days का समय लगता है उसको close होने में cancel होने में. तो 7 days तक का  आज सात दिन है. तो आज तक का wait कर लीजिए end of the day तक का wait कर लीजिए. Ok. मतलब कल तक I think  visible हो जाएगा ना वह amount हां जी, यह  हां जी, यह कल तक आपको visible होएगा Ok. ठीक है मैं आज से wait कर लेता हूं मैं कल  तो phone करेंगे. हां जी. और कोई मदद कर सकते No no no thank you. you so much. एक छोटी सी request है इस call को end करने से पहले क्या मैं आपके call को हमारे feedback IVR पर transfer कर सकता धन्यवाद. मैं आपके call को हमारे feedback IVR पर transfer कर रहा हूं. जहां पर आप हमारे बातचीत के अनुभव को एक से पांच के beach में rate कर सकते हैं. एक सबसे कम है पांच सबसे ज़्यादा. Cred को use करने के लिए धन्यवाद. आपका दिन शुभ We request you to rate your experience with our expert on a scale of 1 to 5 with 1 being poor and 5 being excellent. Please press the number on your dial factor. Looks like the number you picked is outside of request you to rate the interaction on a scale of 1 to 5 with 1 being poor and 5 being excellent. Please press the number on your dial pack to You have just helped us improve the credit experience for all our members. Do reach out again in case of."
cf1a397b-609b-45d2-b8c1-142cc7e77906,"Good morning. My name is रेनी. I am here to assist you today. Am I speaking with नरेश? Yeah, hi  good morning and for taking my call. रेशमा I want to close foreclose  loan today or tomorrow just 1 last loan. Now I give you the amount ना for today am tomorrow. So you want to know the foreclosure amount if you foreclose the loan today or tomorrow Alright. I will surely help you out regarding your query. So as I can check that in credit cash you have 1 loan and for that loan the total principle amount 3 lakh rupees, right? Hello. that is the loan which you wish to foreclose? So I would like to tell you that if you wish to foreclose your loan till the foreclosure date the interest charge to you on a daily basis that is the interest which you have to pay on the remaining principle amount. Ok? So if you foreclose your loan today the amount will be just give me a moment let me just check the details So I would like to tell you that if you wish to foreclose your loan today, the foreclosure amount will be 2 lakh ###rupees पैसा. including your remaining principle amount and the interest charge to you till the foreclosure and tomorrow. and if you Yes, tomorrow it will be 2 lakh ###rupees 0.5 can. with this. once there will be a flat difference because the interest is charged to you on a daily basis. there will be a difference between the amount. And is there any link that you can send me because I can't transfer the  जी. you cannot make the payment through UPI but you can make the payment through net banking and debit card you will get the option to make the payment from the credit application. You will get  options UPI debit card and net banking through UPI you cannot make the payment because UPI daily transaction limit is just 1 lakh rupees, but you can definitely make the payment through net banking and debit card. Yeah. bank but you Yes, but you have to make sure that your daily transaction limit is created in the foreclosure amount. nan investment I don't understand. Kindly give me an example, Yes, for example, your debit card limit should be you know, great than the foreclosure amount your foreclosure amount is 2 lakh #### rupees   right? So there is a limit provided to you whenever you are taking a debit card So that limit should be create than the foreclosure amount because if the limit is lesser then you won't be able to make the payment So Understood.  decline ना because of Correct limit. Yeah. Like And once this is done, then I call you and can you send me a NOC are foreclosure letter because I have to submit it to the Ok. I do understand but as I can check that your lending partner is IDFC First Bank. regarding that it takes 10 working days to close the loan in the record post which within 24 hours the NOC will be generated. Ok ok. जी. No problem. Ok. You're welcome. So is there anything else I may assist you No no. That's all. Thanks a lot, yeah. Ok. So before we end this Can I Yeah. Before we end this call, just so you give me the third day amount to be payable just side? Ok, just give me a moment. I am so sorry but we do not have the visibility of the ninth of October regarding that, we only have the visibility for 7 and fine. No problem. Thanks a lot, You're welcome. So, before we end this call, may I request you to share your valuable feedback basis on the conversation we  had? Definitely. I'll do that. Alright. So I will transfer this call to the feedback IVR. Over there you can select between 1 to 5, 1 being poor and 5 being excellent. Ok? I'll do that. definitely. So thank you for choosing Cred. I hope you have a great day. Due to  some Take care what placed. Thank We request you to rate your experience with our expert on a scale of 1 to 5 with 1 being poor and 5 being excellent. Please press the number on your dial. You have just helped us improve the credit experience for all our member."
cf8bc6da-1be5-4af0-82ef-5d5d6c2fbb2a,"Good morning. This is अनीशा I am here to assist you today. Am I speaking with Mister शर्मा? Ok, नाम confirm करने के लिए धन्यवाद. जैसे कि मैं यहां पर check कर पा रही हूं आपका concern आपके Axis bank credit card bill payment के लिए है जो कि rupees ###and 39 rupees bill late कितना bill late Till date जो आप अपना due date पुछ रहे हैं से? जी जी जी. ठीक है मैं check करके बताती हूं  request है  line पर connected Twelfth of October आपका due date. लेकिन इसमें तो ma'am यह तो  यह ### कुछ EMI बना हुआ था इसमें उसको उसको भी देना पड़ेगा क्या ###का आपने एक payment करा तो आपकी EMI, इसमें EMI कुछ EMI #### कितना रुपए EMI बना हुआ उसमें देखिए तो अभी ma'am उसमें EMI बना है कि नहीं है या देना पड़ेगा  नहीं देना पड़ेगा बारह तारीख जी जी मैं समझ पा रही हूं कि मैं अपने end से information check कर रही हूं I request  आप line पर connected रहिए. nan nan करता है? वह   करने   के तो क्या मैं exact जान सकती हूं कि आपको exact किस card के बारे में जानकारी चाहिए उसके ending digit किया यह एक #### #### हां, last Ok मैं check कर nan है. ठीक है आपका जो card है वह ###है Axis card, right? जी जी दो card है एक रुपए का है एक एक एक एक है     last लेकिन ma'am यहां तो एक में दिखा रहा हां  हां. और दूसरा मैं दूसरा में दिखा रहा था ### लेकिन ma'am इसमें तो एक तो     ###का #### इसमें तो EMI बना हुआ इसमें इसी में जैसे अभी मतलब अभी बनाया फ़िलहाल दस छह सात दिन हो गया. आप  मुझे अभी अभी कितना दिन है क्या देना उसके बारे में पूरा जानकारी चाहिए? बारह तारीख Ok, मैं बताना चाहूंगी कि देखिए यह जो आपसे पुछ रहे हैं about the payment तो Cred आपकी जो information fetch करता है वह आपका  जो आपका last security 20 third September से  हुई थी आपकी update, ok? और इसी वजह से  आपको यहां पर आपका total amount show यह आपका EMI amount show नहीं हो रहा है. In case अगर आपको EMI के बारे में जानना है जो आपने ###.9 पैसे की बनवार उसके लिए आपको Axis bank से connect करना पड़ेगा जिसमें कि आप जान सकते हैं कि आपको कितना amount pay करना होगा as in EMI. Ok. इसके अलावा कोई और  सहायता मैं आपकी कर सकती हूं credit से related? Thank you. ठीक है क्या इस call को end करने से पहले मैं आपका valuable feedback request कर"
cfe158b5-fdd4-4443-87c6-fab608517513,Good morning. My name is रितिका. I am here to assist you today. Am I speaking with शिखा? Am I audible to on the line शिखा? nan Am I audible to are there? Are you there? Am I audible to Can you hear me? if you are the line so can you response
d03cc846-81f6-4a3d-972a-6bc84e738656,"morning. This is  I'm here to assist you today. Am I speaking to मनोज? Yeah, yes actually I will call because of my insurance while but  not get the policy. already raise a complaint 2 3  times actually. I do understand your concern. I'm extremely sorry for the issue that you have faced. Don't worry. Please allow me a moment of time. I'll  check the details once I can help me in a better way. before that, can you please confirm me am I speaking to मनोज? you for confirming your name मनोज. Please be on the line. I'm checking the details once. So I can help you in a better way. I am sorry for the issue that you are So when I'm checking out the details, I can see that you have purchased the policy which is from   India and it's a third party policy you have purchased I believe you are talking about this. Please allow me a moment of time will check the details once I can help you in a better So you are telling that previously also you have raised a call request to for the same concern. Can you please allow me a moment of time. will check the details once I can help you  better. Please allow me a moment. I'll  check the details. Ok, I will  inform you that when I'm checking the details,  I can see that nan you have previously raised the concern same issue  at the moment also you have raised the concern for the same issue only. So to inform you that ticket has got open. So so that there is no confusion and    now Am I audible? that when I'm checking  the details where I can see already the issue has been raised to the internal team and the team is working on it and    request you can you please wait last  4 days your team is working  with this. Can you confirm me otherwise you can refund the amount I do understand your concern.   inform you already the team is working on it. Please wait till tenth of October on or before tenth of October No no, I do I don't, I don't I don't do wait that's my time because my car  can't enter in the road actually it's already expired. So   and emergency I already mentioned that  the last call an emergency very emergency to  have a try on today also evening. before that I need the policy also. yesterday also I am working working day you didn't do anything from your side. I completely  understand your concern   inform you that when we raise the concern to the internal team our system generated maximum timeline is given to us. And this is a maximum timeline which I have shared to you within this timeline, you will be receiving the update regarding to this to WhatsApp notification. actually this is  yesterday also working days today is also working Sir maximum time is tenth, today is seventh. Today only I raised a complaint from the 60 fourth fourth evening I write the complaint. 5 6 3 days you already already get the same issue. Is it is  responsible to, is it possible to connect  the insurance company to direct me to in insurance company. I'm extremely sorry for this. We  won't be able to connect with them. But I would like to inform you already the issue has been raised to the internal team, the team is working on it. And as a small request please wait till tenth of October and when we raise the concern to the internal team and system debited. It's   a  refund today also it's ok. nan make a refund and  send the fund today. make the refund means I couldn't get  I am sorry for Can you please cancel the policy and refund the amount? I completely  understand your concern but I would like to inform you as because for the policy you are waiting for a longer period of time. So like  request you that when we raise the concern to the internal team our system generated maximum timeline is given to So like to inform you this is the maximum timeline which I have shared to you. Please wait for the timeline. Yeah,  3 days  also 1 time  maximum time is the maximum time  now it's eighth also, seventh also, few more days all. yesterday also you get got  working you can do anything? I completely do understand your concern. I would like to inform you this is the maximum timeline   shared to you. within this timeline, you will be receiving the update regarding to this to WhatsApp notification. today I can please not that today I will give only today also if it is not get any confirmation today tomorrow I need a refund. mentioning the same over here. So   to inform you. So kindly please wait for the timeline. You will be receiving the update regarding No, how can how can I wait for the timeline how how can I do my thing No no, I don't have to wait tenth of October only I am  waiting period   seventh today also you can do  if you can do anything to do today also if    tomorrow I will you can give  the refund. Ok? will be definitely mention the same over here. Don't worry about"
d17fc9d8-520a-47e5-ad5b-05302bc35f3b,"Good morning. This side day. Am I speaking with सईद? Thank you for confirming. I  request regards to your withdrawal issues. Yeah. Actually, you are trying to withdraw cash from credit cash. but it's showing an error like they have technical issue as much as you can please try again. It's showing from last past month. they reach  contact but he said that with after  to check after 48 hours it will be resolved but it's not resolved. जी check it Could you please allow me a moment to check on Yeah yeah. So may I please place the call on hold? Thank you in the line. I'm really sorry for the long hold. So as I can see that you are unable to withdraw you are facing some technical issue. issues technical issues exactly. So could you please allow us some time. Our team will get back to you regarding this concern. As I checked the, ok? So our team will get back to at the earliest What will be how What's the problem what the issue? technical issue which is why I mentioned that our team will get back to you. Ok. Don't  at the earliest will try they will get back to you. Ok, what  we expect the at the earliest. I will today or tomorrow हां. see Yes yes. Because That  will be available And the issue that you are facing is generally Yeah, ok technical is technical team will contact me In what  they will contact how what I This time I expected. the issue that you are generally facing right now, it's a very rare issue. Ok? Yeah, ok fine. But now you said the technical team and contact me right? Yes, so which is Yes, the issue that you are facing  a very clear issue which is why I'm unable to give you a time and further. It's a very rare  Ok. Which is why mention team will get back to you. which is why also I'm unable to Ok. 2  after Acko timeline. Ok, today they will contact me for tomorrow or for the हां. expect call from this that's what Yes. So what my point Yes. I got your point. So as I mentioned, your concern that is a very rare issue which is very rare. ok? And which is why I'm also unable to give you the resolution for this, which is have mentioned that our team will get back to you. at the early yesterday.  And and I know you asking it can be tomorrow  by today itself. Yes exactly. So as of now, I can't specify actual timeline because  our internal team work on this. So which is why I'm unable to tell you a timeline for Yeah yeah. Yeah. Ok. Yeah. Yeah Yeah, ok thank you. please get back   as fast as possible. Thank you so much for your understanding your patience that Anything else I can help you with? Ok. No sir, thank Ok before we end this call, may I please request you to share valuable feedback on the basis of a conversation? Yeah sure. Thank you. I will transfer call to a feedback IVR. You can select between 1 to 5 5 being excellent.   Thank you for choosing Cred. Have a great day. Thank you. We request you to rate your experience with our expert on a scale of 1 to."
d18cc31e-a133-48cd-925a-0b57b6db1666,"Am I speaking to Mister सुरेश? morning sir अनुज  are calling from  on recorded line. right time to talk Yeah sir. So this is the concern which you have raised on Yeah. Firstly on the previous  on the previous concern related to the transaction  transaction. as we informed earlier since you have raised the complete the  team, the follow should be done with the  team only. And we did mentioned that team reach out to us for the for the investigation we will be sharing the details to So updates and follow up to be done from the sir team. you should follow with the and on the instant refund account you   want  credit. Right? on that as we informed when you had instant refund account on your credit app. as to validate the account as a verification 1  would be processed from credit to check if the account is right if the account is added nan Yes sir. So this is updated. Can you be it allow tell me. And regarding  credit card  regarding the  transaction you have to check with the  team only said like how did happen because you did mentioned earlier that you have shared the OTP,  you were for to share the OTP and you have shared the OTP and the transaction without the platform used is  but however once it's a  transaction you have to follow with the  team. you can let me know if you have any other question on the   amount. I No, I didn't get the You have on the  account in my credit account? Why did you make? we have opened the  UPI account should be linked from your end, like we would not be opening any account  the account which is registered in your  mobile number that would be linked from your UPI account We will not add any account or nan and the ticket was  ticket was closed since we informed that you have to follow with the  team. the ticket was closed   also share you the team I mean the   link as well as the follow up I can also share it share it with you once again and also you can also check with the respective banks on this another transaction. received Can you be little louder? यह Sorry, I I cannot hear have  taken on Sir, I really cannot hear you. Can you be little louder? Ma'am    नहीं No, I I cannot understand sir. I didn't get I couldn't get the question. So I  know what exactly a problem. looking further. Can you repeat that And can you please be louder? Hello. nan not asking Ok, on this  as I mentioned sir this would be escalate to the internal team the transaction details would be  to the internal team. But  as you mentioned there is  team that is  team when they reach out to us we would be sharing the details to That would be taken care when but firstly, the details the team should contact us  that  our team when the reach out to us   transaction that details should be shared to them and necessary action would be taken from their end. nan Yeah, that  we have taken As you mentioned sir, the  team reach  reach reach out to us to credit regarding this  transaction the details would be shared to them the action would be taken from the Anything else apart from this? nan nan credit card transactions you have added the credit card ending with ###on the credit account like on the account. नहीं that has been verified from your end and also  on the another  transaction as I mentioned  you have you as you mentioned on the call, you were posted to share the OTP and OTP was shared from your and also the transaction was with your concern because you have shared out without the OTP the transaction couldn't happen. Can I didn't get that sir. Can you repeat it? Can you be little louder? please? I will call you later. you will not be able to call on the number sir. If you have any concern, you can let me know I'll help Because"
d1ca7a9d-1589-435b-a832-aa27f4239edb,"Good morning. My name is शुमी. and I'm here to assist you today. Am I speaking with पवन Thank you for the confirmation. So you have raised a concern at credit that when up to ###on मिंत्रा on all orders above 7 double 9 voucher related issue, right? Ok. Very sorry for the inconvenience caused to you. May I know what is the issue you are facing? हां ma'am जो credit payment directly redeem कर रहा हूं ना तो  मुझे redirect  कर रहा है हां, but वह amount deduct नहीं कर रहा automatically. So what I have done हां मैंने उसका code copy करके उसके apply promo code में जा रहा हूं तो वह pin मांग रहा है मेरे. is promo code. and I'm unable to find आप कौन सा promo code डाल रहे हैं क्या मैं जान सकती हां ma'am जी इस चीज़ का मैंने आपको screenshot दिया हां Cred हां means voucher. उसका  code होता है. तो आप उसको copy best कर सकते हो direct redeem कर सकते to try earlier but I am unable to do anything. मैं check कर रही हूं please line पर बने रहिए. मैं असुविधा के लिए माफ़ी चाहती मैं आपको एक बार इसको redeem करने का steps guide कर रही हूं क्या यह  possible है कि आप पहले एक बार Just give me a moment let me  check which nan Hello. Am I audible? जी, Yes. Yes madam. Yes, tell me. How could team? Just allow me a minute please. So he in that case we found this voucher. Actually, you need to while you are redeeming the voucher, the like this voucher can be redeemed on the curated link only. So when you are clicking on the voucher go to the Cred Go to that particular voucher. click on redeem now. Ok. Yes. Now it's direct in me to the Mint. Ok. Yes, in the curated link whatever the product is available, you need to select from those products only. Actually ma'am  direct treatment to the interest. not on the specific product. it's a home page  में. Ok. The voucher is applicable only  per member. The voucher cannot be clicked with any other offer as per the terms and condition. Ok sir. The voucher is applicable on the minimum purchase of 7 double 9 Ok. maximum discount that can be availed on the offer is ###. एक minute. this voucher is not validate any align partner tell outlet your store. the balance amount after the discount is avail we'll have to pay by the member at the time of purchase. Ok? The discount amount can be refunded in in cash or part in cash. means a return and exchange policy offers you the option to return or exchange item. purchase on Mint application within 4 days of the receive. In case of return of the purchase item, Please refer to the return policy on the website or app or call mister customer care. all others about to select your available at the time of purchase and will be given by the lender terms and condition listed on the app. the all dispute arranged out of or in connection or the team are suggest to exclusive section of the code of बैंगलोर only. the company is not responsible for any type of call error leading to an invalid coupon. This valid is voucher till fifteenth of October. Ok. So as I have red all the terms and conditions, You have followed all of this. Right? Ok. Then when you are clicking on redeem now, you are selecting the product. Please select the product of your choice. then move to the checkout page. Ok nan will   continue Ok ma'am. Now I'm on the payment page there there are different method. and it's asking you  have a gift card or It's not the gift card, it's coupon. As you as you have clicked on this gift card option that is why it is requesting you for Ma'am there is no option for coupon. you need apply coupon option be will be there in the checkout page. No, there is no option. nan nan Please tell me what are the options are available. हां UPI UPI credit card debit card pay later wallet EMI net banking then   via UPI have a card in the upper section you will be able to check that as There is no option कोटक. because somewhere multiple offers are getting applied in that place you will be able to check right? I don't think coupon the please take the screenshot and share that with us. I'm sharing you a link on your registered mobile numbers SMS. We are very sorry for the inconvenience caused to you. We would request you to share the link. but the screen actually, where you're not getting the option of applying nan help me the please check. If you are going to like gift card option, Is it giving you the option of card only? or else you can check that in that page you are getting the option of making the voucher as. हां, here it's a gift card value will be  which was in credit. हां, 16 digit gift card number then it's asking for   digit get that. It is a voucher, it is not a gift card so that you need to make a where I can apply this voucher? do understand Very sorry for this inconvenience caused to do not worry. I'm just raising concern towards your internal team for further investigation. from there we will receive a system generated timeline but before that, Let me just check that without like you are not getting the option at all. right? So I would request you to  give us a timeline till tenth of October. Now within this mentioned timeline what will happen we will get back to you by the relevant update through your registered mobile numbers WhatsApp communication. or by the support ticket ID that you are having in the credit So is there anything else apart from this may I assist you with regarding? No no. Thank you. Thank before I let you go from this call a small request to रितेश. that you can rate our telephonic conversation between 1 to 5. Ok. Sure. Fine. 5 for being excellent and 1 for being poor. So if you permit me and I'll transfer the call to the feedback IVR निखिल. Ok sure. Ok. Thank you so much and sorry पवन. Thank you so much. It was a pleasure to talk to you. Thank you for choosing Cred and have a great day. Thank you. We request you to rate your experience."
d28425a2-6f04-4335-963a-c7f3cc0828d9,"morning. This side मानसी.  here to assist you today. Am I speaking with भरता Am I speaking with कृष्णा? Thank you for confirming your name. I can check from  you raised a concern regarding the payment of #### rupees broadband doorster recharge I can also check it's  ongoing concern and the amount was not updated on your biller side. right? have done the payment on first of October right now. you have already shared the statement and everything. Like, we have already raised this concern team is working on it. I can check we are getting the update our team few minutes ago but full and final update still pending with us. So we are requesting you to kindly wait maximum 48 hours. but it will be the maximum time period because we are getting the update. It might be possible get the update today onwards also, ok? because we are escalate this concern to the provided  to your biller ok for the recheck that's why it's taking time. No no,  it  is the call on the credit I'm making know there for   24 hours again they said 48 hours now when you are telling Right right right. right right. Yes, I  understand No. Actually, I I I shared you the, you know,  my account is and I'm getting I'm getting internet with 1 I got able to Yes,  I'm stuck in the I completely understand we have taken longer time. It's in 4 days we have give you the maximum time and we are taking longer than the usual, time also I do understand. For sure, I will highlight this issue from my side but I can check that team is still working on getting  we are getting the update It might be possible get the update soon, ok? But maximum time to make the same but I will also mention that your concern because  we are taking longer than the usual. please be assured We will try our best to resolve it as soon as possible. Ok. The  money you know, is in credit, right? It's not credited to a like, we have already  success payment is already been successful but we are checking with the biller right now. Ok. मेरा हां. can I get a message or something that from there. Yes yes, you will get the message from the Cred through WhatsApp or through on the Cred application itself. Ok. you know, he said the payment already mail the Right right. It's already been posted to them but not reflect. It's not received reflecting on their portal. That's why team will work internally with the biller. Ok? So that we can check why this payment is not showing ok? Ok. So anything else related No, So before we end this call may I request to share  valuable feedback this is on a conversation? you so much  forwarding  call to feedback IVR so that you can rate the conversation between 1 to 5. 5 being excellent and 1 being 4. Thank you for choosing. Have a great day. We We request you to rate your experience with our. You have just helped us improve the Cred experience for all our members."
d3150932-ae90-43e1-a4d0-4eaf7faf4b81,"nan nan Good morning. This is राव and I'm here to assist you today. Am I speaking with सुनील? हां लगाने जी सुनिए बोलो. नाम confirm करने के लिए धन्यवाद सुशील. जैसा कि मैं देख पा रही हूं आपने concern raise किया payment के regarding जो कि है ###rupees की आपने payment करी है SBI card की  है जिसके ending digit है ### मैं भी देख पा रही हूं आपने payment किए  seventh of October 2 25  24 Am पर and जो mode of payment था credit UPI था मैं देख पा रही हूं आपने दो बार attempt किया है दोनों बार आपका जो payment है वह fail हो गया है. क्या आप मुझे confirm कर सकते हैं आपका amount कितनी बार debit हुआ दो बार debit होगा एक बार IDBI के through और एक SBI के through माफी चाहूंगी जो दो payment रहेगा. माफी चाहूंगी जो भी आप असुविधा face कर रहे हैं सुशील. मैं देख पा रही हूं हमने भी हमारे end से जो है refund आपको process करवा initiate भी कर दिया complete भी कर दिया  seventh of October ###से ok आपकी IDBI bank  towards जिसके ending digit है ### Ok, क्या आपको refund receive हुआ हां IDV का नाम received हो गया but exact receive नहीं हुआ Ok so SBI का अभी तक refund receive नहीं हुआ माफी चाहूंगी जो भी आप असुविधा face कर रहे हैं सुशील क्या मैं आपकी call को एक minute के लिए hold पर रख सकती हूं ताकि मैं check कर सकूं information Thank nan हां. Thank you for being on hold सुशील. माफी चाहूंगी लंबे hold के लिए. जैसे कि मैं देख पा रही हूं आपको जो SBI card से जो आपने payment करा है SBI  bank account से आपने करिए Right? So 2 1 double ###. के ending digit आपको उसका refund अभी तक receive नहीं हुआ है. तो मैं आपसे request करूंगी कि आप जब payment की है उस time से लेकर 8 hours का pay कर लीजिए. अगर आपको refund नहीं मिलता है तो आप हमें contact कर लीजिए. Ok, क्या मैं आपकी कोई और सहायता कर सकती हूं सुशील credit से related? ma'am payment   करने card का तो क्या करें? किसी दूसरे through pay करे उसको कि दो बार    payment और कर उसका last due payment करना चाहते हैं तो आप कर लीजिए सुशील अगर आपको कोई और problem face होता है तो आप हमें reach out कर सकते हैं. Ok? Ok क्या मैं आपकी कोई और सहायता कर सकती हूं credit से related? No ma'am. Thank you. Thank you. इस call को end करने से पहले क्या मैं आपकी feedback के लिए request कर सकती हूं? Ok so अब मैं हमारी call को feedback IVR पर transfer करूंगी आप rate कर सकते हैं एक से पांच के beach में. एक सबसे कम और पांच सबसे अधिक Cred को चुनने के लिए धन्यवाद. आपका दिन शुभ nan We request you to rate your experience with our expert on a scale of 1 to 5 with 1 being poor and 5 being excellent. setting Please press the number on your You have just helped us improve the credit experience for all our members."
d32e992f-1915-4170-98d2-2df58b762151,"Good morning. My name is नीतीश. I am here to assist you today. I am talking to do? Yes yes yes. you for the confirmation. हां regarding last time मैंने आपको बताया था ना उस चीज़ का जो loan Mister वह अभी तक मतलब same दिखा रहा है please check के हैं उसमें लिख रहा था please try again with valid the same last time का जो क्या आप Ok, मैं माफ़ी चाहेंगे आपकी परेशानी के लिए. आपका valid details आपके आधार card में आपका पूरा नाम क्या है आपके PAN card में पूरा नाम क्या है बता सकते मेरा PAN card में of हां  top    more. Yes yes. आगे top   o. P o p    e r    b   t   t  Same in हां जी. हां हां, PAN card में भी सारी चीज़ें मैं आप एक बार credit application open कर लीजिए. एक second. हां जी, credit cash option select कर हां आपने open कर हां, एक second. take to  take a 1 second. हां जी. amount Sure sure yeah. choose  EMI plan select कर लीजिए. bank account. हां जी. first EMI plan select कर लिया आपने अपने amount select करिए EMI plan select एक  मेरा हां have ###rupees into 36 months. हां जी Ok, 36 months और नीचे में EMI option होगा EMI date change करने दो सौ सात तक आप modify कर सकते हैं. आप modification हां हां उसमें लिखा रहा है आपका next यह November की बात नहीं होगा duration. duration नहीं आप नीचे में check कर आप जब duration select करते हैं उसके नीचे में आपको item duration में 36 36 months का EMI 50 rupees 1 month. हां जी, पर month वह selected amount हां sir selected  4 lakh ### हां जी. आप उसके बाद में select your bank account में select कर रहा हूं. मेरा bank जो है यह जो sale account का RBI यह salary account है same  account होना चाहिए. चले account में नहीं जाता नहीं इसीलिए account में यह disburse नहीं होता Ok ok तो फिर मेरे पास में यह है कौन सा SBI का करूंगी मैं check कर लेता हूं हमारे list में available नहीं State Bank of India. Ok, State Bank SBI हां जी State Bank of India का account select कर लेकिन इसका तो रहा है क्योंकि लिए मेरा फिर से का है यह जो मेरा account number पूरा मैं पता करके आपको करूं क्योंकि exactly मुझे account number बता नहीं इसका किया Ok. तो आप क्योंकि मेरा हां मेरे पास AM तो है लेकिन मेरे पास इसका check book नहीं, check book का ज़रूरत है check book का ज़रूरत नहीं है. आप  card भी mention कर सकते समय Ok, item mention कर सकता है. मेरे पास  लेकिन account number नहीं है sir,  मैं वही बोल रहा हूं आपके पास.  3 digit को show कर रहा है sir, लेकिन मेरे पास में full account number नहीं. हां a account Am मेरे पास मिला nan हां जी, वहां पर क्या  आपको show कर रहा है क्या update करने के हां तो यह सब चीज़ duration plus EMI होने के बाद में नीचे दिखा रहा है select your bank account. हां जी select कर लीजिए. उसके बाद में आपने बोला RBL नहीं होता बोला तो फिर मेरा alternate option से SBI State Bank of India. हां जी State Bank of India select करने के बाद क्या बता रहा है एक second. उसमें click करूंगा हां जी click करिए. very for setup हां, एक link होने के बाद में इसमें लिखा रहा है enter your bank account number हां जी. तो आप enter करके bank account number आपके पास नहीं है नहीं वही तो बोल रहा हूं. मेरे पास हां जी. तो आप bank account आप क्या करिए bank account number आप ले लीजिए उसके बाद आप try करिए withdraw करने के लिए, ok? एक आपको कोई दिक्कत आता है तो आप दुबारा से call me back request raise कर ठीक है. तो फिर ऐसे नहीं हुआ था अगर मेरा किसी friend का account number डालने RBL धन्यवाद. नहीं नहीं, आपका यह आप आपका ही account होना चाहिए आप एक और savings account होना चाहिए withdrawal receive करेंगे. ठीक है. चलो मैं एक बार SBI में try करता हूं service. Ok धन्यवाद. इसका last 3 digit number, car digit number show कर रहा हां हां. आप एक बार check कर लीजिए  हां जी आप account में मैं account पता करके हां फिर नहीं हुआ तो फिर मैं आपको connect करूंगा. Ok sir. और कोई मदद कर सकते नहीं sir है यह thank you so much. धन्यवाद. Welcome एक छोटी सी request है इस call को end करने से पहले क्या मैं आपके call को हमारे feedback IVR पर transfer कर सकता Definitely definitely definitely. धन्यवाद. मैं आपकी call को हमारे feedback IVR पर transfer कर रहा हूं. जहां पर आप हमारे बातचीत के  को एक से पांच के beach में rate कर सकते हैं. एक सबसे कम है पांच सबसे ज़्यादा. Cred को use करने के लिए धन्यवाद. आपका दिन शुभ Thank you. Thank We request you to rate your experience with our expert on a scale of 1 to 5 with 1 being poor and 5 being excellent. Please, you have just helped us improve the credit experience for all our members. Do reach out again in case of any other concerns. Thank you and have a good day."
d3f006b8-631d-40f1-90d1-05751712db6e,"यह  amount  का ना multiple nan nan nan Good morning. This is  I'm here to assist you today. Am I speaking with विशाल? Thank you for confirming your name विशाल. I understand your concern is related to the refund of rupees ###. which you have paid towards the HDFC credit card ending with 7 9   on seventh of October correct? So as the payment was paid by you from the HDFC account through credit UPI and  it was failed, we do have the regret regarding this and we really apologize for Ok. But please be assured that we are here to assist. So विशाल the refund has been already initiated from our end completed from our end towards the HDFC account so which is the the primary account linked with your UPI So HDFC Bank account ending with 1 7  5 Although to reflect the refund in your bank account, it will take up to transaction plus 1 working day which will be completed by 8 of October  11 51 PM. I would request you to please wait till the time frame and within the time frame for sure you will receive the refund from Ok, no problem. Yeah, thank Welcome so is there any I can assist you related to No no, I'm I'm ok. Thank Ok, great. So before we end this call is there anything else I can assist you? Ok, great. So before we so may I please request you to give you valuable feedback on the basis of our conversation. It will just take a moment. Great. So now I will transfer your call to the feedback IVR. You can choose between 1 to 5 1 being 4 and 5 being excellent. Thank you for choosing Cred. I hope you have a great day. We request you to rate your experience with our expert on a scale of 1 to 5 with 1 being poor and 5 being excellent. nan Please press the You have just helped us improve the credit experience for all our members. Do reach out again in case of any other concerns."
d7eddfa3-946f-4825-a85b-6eb0fe896000,"Good morning, this is लेनी I am here to assist you today. Am I speaking with दीपक? you so much दीपक for confirming your name. I can see that you have raised a concern regarding your vehicle inspection. Am I correct? हां madam. हिंदी जानती हां जी बिल्कुल हम हिंदी में बात कर सकते हैं. तो मैं यहां पर check कर पा रही हूं दीप जी कि आपने एक concern raise किया है आपके vehicle  inspection के लिए. क्या मैं सही कह रही हां जी. Ok पहले मैं आपकी परेशानी के लिए आपसे माफी चाहूंगी but आप निश्चिंत रहिए मैं details को check करके आपको इसके regarding ज़रूर help करूंगी ok? Ok ok. जी, तो मैं यहां पर देख पा रही हूं कि आपका जो physical inspection है वह request किया गया है और inspection ID भी credit हुआ है आज की date पर दस बज के ###am में हुआ है यह. तो मैं आपको request करूंगी कि आज की day end तक का  wait कर लीजिए. आपको inspection agent की तरफ से call आ जाना चाहिए और inspection के regarding आपकी उनसे बात हो जाएगी. Ok? अच्छा वह inspection agent घर में आएगा ना मतलब  technical जी वह आपको पहले contact करेंगे आपसे सब कुछ पूछेंगे. कि आप available है या नहीं. सब कुछ details लेकर वह आपके घर पर आ सकते हैं inspection के लिए. अगर आपको कोई issue होती है जैसे कि आज की date पर नहीं आना या कोई और issue होती है. आप उन्हें inform कर सकते हैं कि वह किस address पर आए किस address पर ना आए. ok? Ok ok ok. जी उसके बाद भी अगर inspection pending रह जाती है या कुछ भी issue होता है आप please हमें reach back कीजिएगा हम surely आपको help करेंगे. ok? Ok ok. Thank You're welcome दीपक जी. इसके अलावा क्या मैं आपकी कोई और मदद कर सकती नहीं ma'am अभी कुछ दिक्कत होगा तो मैं फिर बात हां जी बिल्कुल. sir इस call को खत्म करने से पहले क्या मैं आपसे हमारे बातचीत के आधार पर एक feedback की request कर सकती हूं बस तीन से पांच second का समय लगता हां धन्यवाद दीप जी. मैं आपकी call को  feedback IVR पर transfer कर दूंगी आप एक से पांच के beach में rating दे पाएंगे. पांच सबसे अच्छा और एक सबसे खराब जी cred को choose करने के लिए आपका बहुत बहुत धन्यवाद. आपका दिन शुभ रहे. We request you to rate your experience with our expert on a scale of 1 to 5 with 1 being poor and 5 being excellent. Please press the number on your dial pack to You have just helped us improve the credit experience for all our members. Do reach out again in case of any other concerns. Thank you and have a good day."
d9335c33-908e-48f6-8bd7-0799432e5cdc,"nan Good morning. This side जी.  here to assist you today. Am I speaking with अजय? Yes ma'am good morning. I just Yes, ma'am. I just made  payment for my credit card through the credit application and the amount got deducted twice nan But just recently the second I go I got the message that the refund has been initiated. So, from your end please check the status. Yes, we understand we understand that your credit card bill payment of #### rupees which you have done done towards ICICI Bank का double ###. and Right? This payment and I can check that the the amount got debited 2 times 1 got successfully posted towards your bank another has been refunded from our side the refund has been completed to your ICICI bank bank account ending with 25. It's a primary source account link with the credit UPI and you can accept this payment to be reflect reflect in your statement by eighth of October because it take transaction was 1 working days to get reflecting in the bank side. Ok? Ok. And you can also refer the UTR number for the transaction which is available on the credit application. Ok thank Anything else related to  may help No, just improve this facility so that this should not repeat to any customer any other. For sure,  will take it as a feedback. Ok? Yes, otherwise I will until Ok. Anything is very clear Ok Be assured your refund will be credited to you direct that's ok but twice deducting the money twice I don't like have Yes it's improve your facility otherwise your loan customer. Thank you so much. Have a nice day. Before we end this call, may I request you share a valuable feedback basis on conversation? Ok. Thank you so much I am forwarding the call to feedback IVR so that you can rate the conversation between 1 to 5. 5 being excellent and 1 being poor. Thank you for choosing Ok. Have a great We request you to rate your experience with our expert on a scale of 1 to 5 with 1 being poor and 5 being excellent. Please press the number on your dial pack to You have just helped us improve the credit experience for all our members. Do reach out again in case of any other concerns. Thank you and have a good day."
d9710f40-ab08-496b-915f-2f2ffba234e6,"Ok. morning, this    to assist you today. Am I speaking with वीरा? Yeah, good morning. Thank you for confirming  that you faced regarding the product विनायक nan nan Yes. Actually, I am waiting for that product since long and it's not been delivered yet. and as I'm checking the status in your app, it's it's showing that it visited. once or twice in a single date. But I am giving in a society and I didn't even receive the date and of the delivery person. and  checking on the  car website, it's not showing that it arrived at my society or address. It's just wrong here and there like, If I check on the Saturday October fourth it it it came to create idea. But again on the fourth at dispatched to can do. and still it's moving like on fifth as well, it's showing सूरज for again, it's showing सूरज पूरा but it didn't  came up to my after. Ok  sorry for the inconvenience you face  but do not worry. I will try to assist you  regarding this. May I place your call on hold for a minute so that I can check the details for Thank you. Please stay on the line. bank nan So please nan"
dc2ecc58-d807-48ce-a80a-730b0baf2158,"Good morning. My name is रितिका. I am here to assist you today. Am I speaking with नितिन? Yes. Actually, I have  a transaction of 3 90 rupees for a credit card payment with that actually the app offered me hundred hundred the up Flipkart voucher. But I didn't find any voucher I have received. Actually voice was After that after that time I am really sorry your voice  is very low. So I'm not able to hear you properly. Can you repeat once again? No no. Actually I have  did a transaction of credit card payment was rupees ### For that you offered from your side that offer is hundred rupees Flipkart voucher. So after that transaction I didn't receive any voucher from your side. Ok, understood. Thank you for the confirmation. And apologize for the inconvenience which you faced. Don't worry. I will assist you for the same. you told me you should receive  hundred rupees fifth at voucher. So let me check the details of that, ok? be online please allow me some time. But you already claimed हां. Today is you have made the payment In the gift I mean in the Cred application itself in the voucher section there is no gift card, I mean, sorry, there is no voucher is showing Yeah but offer was there so I did the solution. are you sure that the offer was for your payment? Yes yes. Actually, the offer is  pop up, so I select the offer and  the transaction. just a second. Let me I will tell you the transaction  is in the particular transaction I will tell you. 1 minute. it is for 3 99 rupees Again, your voice is breaking. actually the transaction is for 3 9 credit card payment. and yes it on seventh  ###AM. For that   from your side, the offer is actually pop up on your Ok. Let me check that.  Ok. May I place your call on hold for a minute I can check the details? एक your time, nan Thank you for being on the hold. Sorry for the long hold. So I wanted a screenshot of your reward section in the Cred app, ok? So I am sending you a link on a calling number through SMS receive that link. While using that link, it will redirect you to the Cred application itself. So share the screenshot you will get 2 option. 1 will be add attachment and the second 1 will be call me now request. you have to click on the add attachment and you can attach the screenshot. reward section. Cred app it will go  reward section. Ok. Ok sir. I don't have that  Ok, no problem. you can send the screenshot and you are not able to Ok ok. No     sir, but no problem. you will not able to send us the screenshot No, I don't have received that  offer pickup  before offer up  that time, so I didn't take any screenshot No problem, it  is not showing from your side, no problem. See, you can go to the Cred app reward section on there you can check it showing or not, it a reward section. No. that time actually, on the time of transaction that that that offer is so but now There is no offer because I have done did the transaction. offer as per So you will be not able to send us the screenshot. No   no why anyone anyone take the screenshot? See what screenshot I want from you you have to go to the Cred app. and the reward section in the rewards section if you receive a voucher, it should reflect So that screenshot I want. Ok, no problem. In the credit app. the  you are Then the voucher voucher section. The voucher section there is no voucher like only 5 voucher are showing and that vouchers are not voucher that offer  showing and the voucher offer reflect credit card SBI credit card offers security offer there is no voucher available hundred rupees voucher available in that. Ok, so send us that screenshot. but all the screen not how take a screenshot. how the voucher so all the screenshot because 1 time 1 screenshot is 5 vouchers  there is voucher section. Yes, so that  future, I want only if you can share so I can look for the Ok. So where I can see on a calling number  so in the Cred app, you will go support and he section. there will be a access support option you will get option for  add attachment. So attach the screenshot from there. limit I don't want any hundred rupees because it's a  process. जी thank he will not able"
dc7c013a-779e-4b92-8d22-12cd0286a52a,"Am I speaking with रोहन? Am I audible? Yes, you are audible. for the name confirmation. and I can check that you have raised a concern regarding the product    you mentioned that you are having concern regarding the I am sorry for the inconvenience. So as per the expected delivery date I can check that from  ninth of  October you should be receiving this particular product. and also like may I know that have you received any communication from the logistic side? No no, that's what is the query because I have not received any call but they have mentioned that reattempt to be done as per the customer request. So I didn't make any request to reattempt the delivery or within contact. Ok. So without any communication you had received this particular message  logistics. I didn't receive any message but I just checked the while using the tracking through this customer care from Cred. So it is showing as a format updated as reattempt as per customer request. Ok. I can understand. yes as per the tracking link I can check that last  it was updated which is out for delivery and after that,  now as you haven't received this particular product. So just for  confirmation,  number  my order is ### Yes, it's the same number. So I'll be mentioning the details from my end, so that accordingly we can look into it and also whether the expected delivery date  will be receiving this particular product at your given location. Ok? And is there anything else apart from this I can assist No no, that's it. Ok. Also before we end the call, may I request you to share a feedback on the basis of the conversation. I'll be transferring your call to the feedback IVR. You can select between 1 to 5    and 1 is 4. you for contacting Cred. Hope you have a great day ahead. Thank We request you to rate your experience with our expert on a scale of 1 to 5 with 1 being poor and 5 being excellent. Please press the number on your dial pack to rate. You have just helped us improve the credit experience for all our members. Do reach out again in case of any other concerns. Thank you and have a good day."
ddc8ab21-d052-4fa5-8bf3-f74adffb65bb,"Hello. Am I speaking to Mister खाली Yes, सुरेश. तनूजा you are calling from Cred on a recorded line. right time to talk to from where? Cred. Yeah. Please Yeah. So this is regarding the thousand rupees refund and you did reply that  account has been considered last 10 days. Sir I would request you to set up  instant refund account  on the on  we see you linked the mean the UPI ID the UPI but we want the account details   itself. like the account number in the code Just a second. Can you help me like where exactly this option Sure sir. I am on Cred app only. Ok, can you go to the settings option? Settings. where is the setting. nan UPI setting. wait  Give me a minute. I'll tell instant refund account setup and in that I have added  my UPI ID Shall I remove You can also add other account. If you wish you want if you want that UPID it can be still active. If you  want that you can remove according to your choice. Ok. Now I I need to add my account details Yeah, the account number I have   to be entered Just a second. nan nan nan nan and then how should I get that amount back in my It's account  itself. Just a second. I am just sharing that  the number. Because I have to get it right so Ok. I'll be online. So like once the account is added you can let me know. I'll get  I'll be raising   the relevant I would request to wait 24 hours sir, we'll get back to you with the refund details. Ok? Like, once  the refund would be done in 3 to 4 hours once it is been processed like, once it is raised just see  you can lot quite. Yeah. I have added my account details in a second account. you can Yeah, I'll It's HDFC Bank account ending with 3 triple Yeah, thank you. So I'll connect back to user. Once the refund has been initiated I'll get back to you. Yeah. Thank you for your time  for the nan"
dead03f9-3291-4cc0-a011-0260996ac80f,"Good morning. My name is विषय and I'm here to assist you today. Am I speaking with भागवती? हां हां ma'am भेज से बात कर रही हूं नाम confirm करने के लिए धन्यवाद भेजो जी. तो जैसा कि  मैं check कर सकती हूं आपने concern raise किया है regarding withdrawal issues. Yes yes yes. Alright तो क्या आप मुझे बता सकते हैं exact issue क्या रहा है आपको? हां वही ma'am वह rare कुछ तो technical ऐसा आ रहा है बार बार वही आ रहा Ok, जब भी यह withdrawal अभी बोले अभी बोले थे कि 48 hours के बाद हो जाएगा बोले थे तो नहीं हुआ इसलिए  मैंने contact कर Ok, मैं समझ सकती हूं मैं माफ़ी चाहती हूं कि आपको यह problem को face करना पड़ा. please line पर बने रहिए मैं अभी आपको एक बार सारी details को cross check करके फिर मैं आपको inform कर देती हूं. हां ठीक है ठीक हां जी इसके लिए क्या मैं आपकी call को एक minute hold पर रख सकती nan Line पर बने रहने के लिए बहुत बहुत धन्यवाद भारती. मैं माफ़ी चाहती हूं आपसे लंबे hold के जी, तो जैसे  यहां पर मैं check कर सकती हूं इस वक्त हम आपके loan के drawn request को आगे proceed नहीं कर सकते हैं. क्योंकि एक intermittent issue है और हमारी team भी पूरी कोशिश कर रही है इसको जल्द से जल्द  करने के लिए. But यह थोड़ा complex issue है जिसके जैसे हमारे पास   specific timeline नहीं है. तो मैं आपसे माफी चाहूंगी इसके लिए सबसे पहले but मैं आपसे request करूंगी कि अगर आपको immediate fund की requirement है इस वक्त तो please आप alternative source को एक बार consider कर सकते ठीक है. नहीं जी, and इसके अलावा और कोई सहायता कर सकती हूं मैं आपकी? नहीं वही तो बोल रही  थी actually आपके पास यही offer था ना इसलिए मैंने call जी जी. जी मैं समझ सकती हूं but मैं माफ़ी चाहूंगी please आप tension मत कीजिए जैसे ही यह problem ठीक हो जाती है. आपको हमारे end से notify कर दिया जाएगा. वह notify करते हैं मगर आगे जाकर वही problem आती समझ सकती हूं मैं माफ़ी चाहती हूं but अगर आपको immediate fund की requirement है इस वक्त पर please आप alternative source consider कर सकते इसके अलावा और कुछ सहायता कर सकती हूं आपकी? No Ok, तो call end करने से पहले क्या मैं आपसे एक छोटे से feedback के लिए request कर सकती Call end करने के लिए क्या मैं आपसे एक छोटे से feedback के लिए request कर सकती हूं बाकी ज्योति हां ma'am शुक्रिया. तो इस call को मैं transfer करूंगी हमारे feedback IVR पर जहां पर  आप एक से लेकर पांच तक choose कर सकते हैं जिसमें एक सबसे कम होता है and पांच सबसे ज़्यादा होता है. Credit को choose करने के लिए धन्यवाद. आशा करता हूं आपका दिन शुभ रहे. We request you to rate your experience with our expert on a scale of 1 to 5 with 1"
df26472f-cdcc-45cc-b9fa-debaa9e761c7,"morning. My name is तनुश्री. I am here to assist you today. Am I speaking with अखिल? Yes, you are speaking with अंकित? Sure. Thank you so much for confirming your name. So as I can check you have raised a ticket for the concern that you have made the payment but it is not the transaction was failed and you haven't received any refund or the policy for Sure. I completely understand your concern. I'm extremely sorry for facing this issue. But please do not be worried. I will definitely help you on this. So, I'll be discussing about the payment that you have made for rupees ####. Sure. Thank you so much for confirming. So I would like to inform you that here the payment has been failed, but from our end, we have initiated the refund of rupees ###on seventh of October and it will reflect your source account within 5 to 7 working days. Ok? Ok. So the insurance did not go through. I have to pay before I can Yes, the insurance is not completed. So you can try again to purchase the policy and for this refund it will reflect within 5 to 7 working days. Ok? 1 more thing. So when I try to purchase this insurance for        actually just showing you for the coverage of on damage. So it is not letting me to use the type of mention that I need to whether it's comprehensive for third party including third party damage as well as own damage So it's directly go and search for the plan, it is actually it was only we own damage plans. how do include the other steps. Sure understood. So are you  about the vehicle number  with ###. Yeah, that's Ok. Thank you so much for confirming. So  as I can check you have on active you have a active third party policy from relate General Insurance that is active to 20 third of September 20 26. Ok? and also you have an active own damage policy that you have updated in credit, that is from go digit that is also valid till first of October 20 26. Ok? So that's why you're not getting the quotation for the third party  comprehensive at the moment because we show you the quotation before 90 days of the expiry day. I'm sorry, hold for a sec. So do I have a policy active policy with go digit Yes. You have just updated this from your end that you have active own damage policy that is active till first of October 26 from GodiG nan No no. That's I don't think so  I'm not sure where it's showing up that nan and you said that I have the active insurance  with the line. Yes,  active third party policy from relate that is active till 20 third of September 20 26. Alright. maybe that that the reason I'm not getting option to select the very app. I can I can I access the information because I don't see it in my policy I couldn't find it that that I have I have policy with third party in general sentence insurance General Insurance. Sure you sure you can check it in Cred application from garage insurance section. Ok, would you mind working me through the process Sure sure sure. not a problem. So kindly open your Ok, I'm going to put you on speak. I think Yes. So हां     in the credit Yes, kindly go to the garage section. Ok. garage it is, right? nan and then select the particular vehicle number and there you will get the option of motor insurance. give me 1 And garage. Ok, then selecting the vehicle that Ok, I Ok. So in the motor have you in the mode are you in the motor section? Sorry, what section? motor insurance most insurance, ok. I selected this today and it's I mean, I am going to   option that I am saying हां, insurance a call on update UC tell me. these are the thing  I'm showing you're not getting the insurance, option? I am getting the insurance of. You  me to Ok, selected the insurance Ok.   party policy  I pay  now, I and  this this is a confusion because I  didn't select the digit go digit  in fact  you know, you know the day failed. पर  white showing. nan So got 1 is not correct. Yeah, that's that's not right  I'm not I'm not sure   actually when  or something but  just transaction was failed. I I reach out that policy active actually we gone through something. Yeah, that's the reason that's the maintain for the call, I just wanted to confirm with the policy actually was   not and and I got the policy. जो Sure understood. But for this amount there is no such policy from credit only and that's why you have refunded the amount. However, you can update these details from your end so that you can get the own damage  plan from credit again. Ok?  So are you getting any edit type of there to update these details? I am saying update Yes. Please click on and it's update latest policy or update policy details enter enter the latest policy details. This is policies? Yes, kindly update the previous own damage policy details, so that it can show you as expired and then only we can show you the noting Ok, I see it. Alright. I'll check and update that. Sure. So is there anything else I can assist you with? हां No, I in this as soon as I get that refund. back to me and Sure sure. So before we end this call, may I request you to share your valuable feedback based on our conversation? Yeah, sure ना. Great. I will transfer your call to the feedback IVR. You can select between 1 to 5. 5 being excellent and 1 being poor. Thank you so much for choosing Cred. Have a wonderful Thank We request you to rate your experience with our expert on a scale of 1 to 5 with 1 being poor and 5 being excellent. Please press the number on your dial pack to You have just helped us improve the credit experience for all our members. Do reach out again in case of any other concerns. Thank you and have a good day."
df5c099a-5e3d-4146-aefc-7f64bd36f58c,"Good morning. This is ईशानी I am here to assist you today. Am I speaking with अभिषेक? Yes, good. Thank you for confirming your name. So अभिषेक I can see raised a concern regarding the product I'll no. You haven't received the refund yet. Actually not able to connect to the  department   selected the option. Yeah, the actual reason from my call is I'm not able to place any orders on the Cred shop. for all items and getting in code is not serviceable but about a month ago I was Sorry, please continue. I'm really sorry for the interruption, No problem. Yeah. before a month I was able to place order surely there was no issue at Yeah, that's the problem. Ok. So now it is showing that your PIN code is not serviceable right? Ok, I am sorry for the inconvenience. So first of all, I want to inform you regarding this issue feedback will be definitely shared with our team and  the merchant So that we can image this. And right now I am I want to inform you that like the  code which is showing not serviceable right now. We are trying to add like our service it to all  like all the it. So regarding this your feedback will be shared so that we can work on the as you are saying that previously  you are able to place the order from your location, but right now it is showing like this that the  code is serviceable So regarding this your feedback will be shared Ok? Ok, but can I get a resolution timeline or something because  last or the place was on seventeenth of out and after that  thing from last month September I was not able to place  order and it's just showing visible. I don't think like this might be issue for whole area. I think it's and  account specific issue nan I understand I understood. अभिषेक. as you want the timeline. I'm sorry to inform you regarding this, we are unable to give any exact timeline that within this time like, we will solve you  but definitely do not worry.  feedback   share    our team मैं Ok, can you please check 1 more thing like if there is any issue with my account specifically like is there any problem with my account because of which I'm not able to problem like place order is it my account blocked from shopping something हां not saying any Ok. Ok. Then I will wait for it the solution Hello. Ok. So is there anything else I can help you with? No no, that will be all. Thank you. Ok. So before we end this call, there's a small request from my side.  I transfer this call to the feedback IVR based on conversation Ok. Sure. please do it. I'll Ok. Thank you. So there is 1 to 5, 1 being 4 and 5 Thank you so much for Yes. We request you to rate your experience with our expert on a scale of 1 to 5 with 1 being poor and 5 being excellent. You have just helped us improve the credit experience."
df61128d-85d0-49d8-a55e-86703f29a0bf,"morning. My name is शुमी. and I'm here to assist you today. Am I speaking with नितिन? Yes ma'am. Thank you for the confirmation. So you have raised a concern at credit recently regarding 1 of your voucher. May I know what is the issue you are facing right now? Yeah yeah. still did not receive the delivery. I booked what the time I booked You can what and today is what the date. still did not receive from Sunday from delivery Limited yeah some courier WhatsApp  missing today will get today will get from Sunday. Today,  day still did not get  receive. Today also I received the message same. Do understand, Very sorry for the inconvenience caused to you. Just let me check about the details once. It is for the voucher that you have received from  box 99 from  right? Yeah Yes ma'am. Ok. Let me just check  let me have a quick go through about your account. Let me just check So for checking it purpose. May I put your call on hold for 1 minute? Yeah. can check please you for staying online. I'm sorry for the long hold. I really appreciate your time and patience. So generally what happens that within 7 within 15 days you should receive your order from the date like from the date of purchasing the order. placing the order, ok? So now as yes, I would request you to wait till that mentioned timeline. If you can check that you have not received the product yet. or else you want to know more about your delivery status. because your merchant has confirmed that your order is successful and you will receive the delivery by within 15 days from the date of order placement now if your merchant is saying If you are saying that you are not getting the product for better clarification. I am providing you the merchant email address where you need to contact with the merchant, Ok? So we are very sorry for the inconvenience caused to you. निखिल. I would request you to please try to connect with the merchant in a mentioned email address. Please note it down. नहीं  मैं मैं मगर उसमें delivery दे   courier जिसमें courier डाला हुआ है उसमें बंदे ने पर courier तो मेरे receive होना चाहिए courier उन्होंने  मैंने वहां से successful किया है right time  मैं समझ गया. पर जो delivery है मेरे को Sunday से मेरे को road daily message आ रहा है delivery me. WhatsApp पर   यह OTP है और यह आएगा बंदा यह देगा. मैं उनको contact करता हूं वह number पर वह लगा ही नहीं contact. समझ पा रही हूं. मैं आपको email address provide कर रही हूं. जहां पर आपको contact करना Please note down कीजिए. mail address  care at the hundred dot com. Ok. he l dot com. उनका कोई contact number है As of now हमारे पास सिर्फ email ID का visibility Ok, ठीक है. मैं असुविधा के लिए माफ़ी चाहती हूं निखिल please अपने merchant से बात कीजिए और अगर आप देख पा रहे हैं कि आपका merchant आपको respond नहीं कर रहे आपका कोई भी email का reply नहीं दे रहा है. तो जो भी relevant दिया है उनके website पर आप एक बार कोशिश कीजिएगा Ultimately अगर नहीं होता है तो हमारे पास आप get back कर सकते हैं.  सारे screenshot लेकर ठीक Ok. ठीक है. जी, ताकि हम इसके ऊपर further process कर सकें. Thank you. Ok. Thank धन्यवाद. धन्यवाद और कोई जानकारी"
dff7584c-2a2f-44db-a578-7c560eb93c6e,"This call is now being recorded. morning. This is अंकिता calling from Cred on a recorded line. Yeah, ok. speaking  शैलेश? Yeah. Yes. You have a concern regarding product not picked And previously we are having a conversation regarding that. I have raised the concern to our concerned team and I to raise the concern we need to details, may I request you to give your alternative contact number and landmark. It's ###. So, can you please repeat on 9 ### nan triple nan ###. Ok. And your nearest landmark? travel house 1 hour to the be. Near should be Thank you for sharing your I have raised the concern to our concerned team. please kindly wait till thirteenth October. 1 October is our maximum time frame. But our concerned team will try their best to give you the update we deep thirteenth October. and you will receive the update via WhatsApp or you can also check the update in your credit application on support section. Anything else I can help you? No, ok then Thank Before we end this call, may I request you to share your valuable feedback basis on our conversation. It will just take a moment. will transfer your call to our IVR feedback and there you can select 1 to 5. 5 is being excellent and 1 is being 4. Thank you for choosing. I hope you have a great day ahead. nan We request you to rate your experience with our expert on a scale of 1 to 5 with 1 being poor and 5 being. You have just helped us improve the credit experience for all our members. Do reach out again in case of any other concerns. Thank you and have a good day."
e1ca051e-7317-4103-89c8-ca80e326b0f3,"Good morning. This is रीशा. I'm here to help you today. Am I speaking with मोहन? हां, yes ma'am ma'am  madam. you for the confirmation, मोहन. I see that you have raised a call me now request regarding the vehicle number ending with ###. Right? That the policy is not confirmed हां, yes ma'am. I'm really sorry for this inconvenience caused to you, but don't worry   help you with this. I have to raise this concern to the internal team to help you regarding this. Ok? So please allow me a moment. What I have to raise this concern to the internal team to work on it and see that why your policy is not issued yet. Alright? Ma'am I don't know  this. आप हिंदी में बात कर सकते हैं. So nan Ok. I'm really sorry but we are only comfortable with English or हिंदी language. Are you comfortable nan saying the same. English. So I have raised your concern to the internal team to work on this policy issues, ok? and we'll get back to We'll get back to you with an update on it very soon maximum timeline would be thirteenth of October, but don't worry. Since this is a system generated timeline second October Yes, that is a system generated timeline but might be possible that will get back to you on or before the given date also. only. I'm really sorry. I cannot hear you properly. insurance insurance expiry  ninth ma'am. October ninth. Ok. I can understand. October. I can understand, but it might be possible that you will get the policy by the end of today's date also. Ok? Why ma'am delay  and processing. maybe there is some issue with like, from the team, but I'm really sorry, मोहन. but allow  some time we'll definitely get back to you, ok? that ok मोहन? and Sir वह Alright then. Thank you so much for your understanding. Anything else I may assist you with regarding, Correct? partner. Anything else that may I assist you with regarding cred? Ok. Yeah. So, could ease tell me what you want to know apart from this? मैं  तो कल का होना will try our level best so that we can get back to you as soon as possible. Ok? Ok. will try level best So before we end this call, would you like to give a small feedback based on the conversation? Thank you so much. I'm transferring your call to the feedback IVR. Please rate your experience on the scale 1 to 5, where 5 being excellent and 1 being 4. Thank you for choosing Cred. Have a great day ahead. Thank you. Ok. We request you to rate your experience with our expert on a scale of 1 to 5 with 1 being poor and 5 being excellent. Please press the number on your dial pack to We won't able to register any input. Please rate your interaction with our expert on a scale of 1 to 5 with 1 being poor and 5 being excellent. Please press the number on your dial pack to"
e3783fd9-233f-4454-981a-acb7bba71ae6,"Good morning. My name is विषय and I'm here to assist you today. Am I speaking with अक्षय? Yeah. you so much for the confirmation अक्षय. So as I can check that you have raised a concern regarding repayment issue at foreclosure? Yeah. This is regarding the credit cash cash I have taken a kind of  loan from there. I am seeing the repayment option, I mean, I have a sure of some amount and I was thinking that I will just pay the date and just wanted to know that how does it work? So can I pay  certain amount or does it have to be an entire amount for how is it? I'm not able to get any information on the Understood like you are asking is it avail like part payment is available or not right? Understood. So first of all, I'm so sorry for the inconvenience that caused you, but as of now, we do not support part payment. So if you want to foreclose your loan, so you can directly close your loan while paying all the amount in 1 go or else you can just make the EMI payments. Ok. So, I can pay an extra EMI  what you're Yes, so 1 extra EMI, you can be able to pay. and how does it change the entire thing I mean, does it create a 1 month gap or does it entire change the amount for the remaining So for  example from my end, I can check till the month of October you have already paid right? So if you want to make the payment for the month of November, so you can do that. So for so that on the next month which is November, then you do not have to make the payment. Ok ok. And this this happen only for 1 EMI or I can do it for multiple EMI. and in like  only 1 extra EMI, you can be able to for the entire duration. it. Like you you have made the payment for the month of November today like suppose and now on after that once the status is been updated as you have made a early EMI payment So once the status is been updated from the upcoming due date, it will be taking 7 days and after that, again you you can be able to make the payment. Yes. Ok ok. But ok. So you're telling me that at the time I can only pay for 1 EMI in part payment ok and once that gets updated I might get an option to pay the next EMI. But then 1 Am I right? it takes a very option of deducting the EMI for the next month. Correct correct. because that will be updated earlier. Ok ok I got it. Alright. apart from this? will I will I will see I mean, I'll I'll try think about and if in case  find any issues I will contact that. Thank you for the clarification. Most welcome. So apart from this, there is anything else that I can help you Alright. So before we end this call, may I please request you to share your valuable feedback basis on our conversation we are just right? Thank you so much. So I'll just transferring this call to the feedback IVR where you can be able to select between 1 to 5. Where 1 being 4 and 5 being excellent. Thank you so much for choosing Cred. Hope you have a great We request you to rate your experience with our expert on a scale of 1 to 5 with 1 being poor and 5 being excellent. Yeah, you too. Thank You have just helped us improve the credit experience for all our members. Do reach out again in case of any other concerns."
e37c760c-9f6a-4776-a3e1-284814dedf35,morning. My name is तनुश्री. I am here to assist you today. Am I speaking with  राज? हां madam. जी नाम confirm करने के लिए धन्यवाद. जैसे कि मैं check कर पा रही हूं आपने call back request raise किया  आपके vehicle inspection के regarding. तो exactly क्या issue आ रहा  बताइए ताकि मैं आपकी help कर सकूं. Ma'am मैं एक comprehensive policy insurance policy purchase करने की वह कर रहा पिछले वाला भी cancel हो गया Go Digit से कर रहा था. इस बार वाला भी मैंने pay तो कर दिया है अभी तक inspection आज मैंने बात किया तो वह कह रहा था कि अभी तक वही नहीं हुई ठीक है मैं बिल्कुल समझ पा रही approval नहीं जी  बिल्कुल कब तक होगा यह? जी मैं बिल्कुल समझ पा रही हूं आपकी परेशानी  माफी चाहती हूं इसके लिए अगर आप निश्चिंत रहिए मैं आपको ज़रूर help करूंगी. तो जैसे कि मैं check कर पा रही हूं आपने छह October यानी कल ग्यारह चार am से आपने physical inspection के लिए details submit किया था. तो आपका  please मुझे confirm करेंगे inspection हो चुका है. नहीं हुआ ना ma'am अभी अभी तक inspection assign  हुआ आपको कोई call वगैरह कुछ नहीं आया है inspection agent. कल एक call आया था तो वह कह रहे थे कि file आई है हमारे पास listen approved नहीं हुआ  just approved ठीक है मैं समझ पा रही हूं आपकी परेशानी  माफी चाहती हूं इसके लिए जैसे कि मैं check कर पा रही हूं  जी मुझे कुछ आपका concern जो है वह forward करना पड़ेगा तो इसके लिए क्या मैं call को just एक minute के लिए hold पर रख सकती हूं please? हां कर दो. जी धन्यवाद. Hold पर बने रहने के लिए धन्यवाद. Hello. हां जी hold पर बने रहने के लिए धन्यवाद. मैं आपको बताना चाहूंगी कि जैसे कि आपको अभी तक कोई update नहीं मिला  inspection agent की तरफ से कोई भी आपको update नहीं दिया गया है. तो मैं आपको बताना चाहूंगी कि आपकी सहायता के लिए मैं आपका concern जो है आगे forward कर रही हूं ताकि हमारे internal team inspection agent के regarding साथ इसको check करके जैसे inspection करवा से और जो maximum timeline है update आने का वह तेरह October का है उसके अंदर ही हम आपसे get back करके WhatsApp notification पर आपको update provide कर देंगे. phone तो आया था ma'am वह कह रहा था कि वह listen यह cancel तो नहीं हो जाएगी ना file आप यहां complaint किया मैंने  file cancel होगी. जी समझ पा रही हूं लेकिन आप निश्चिंत रहिए ऐसे without any reason यह cancel नहीं हो पाएगा cancel नहीं होगा तो आप wait कर लीजिए हम update के साथ आपको get back कर लेंगे WhatsApp notification ठीक है. और कोई सहायता कर सकती हूं आपको credit से संबंधित? नहीं ma'am. ठीक है और यह call end करने से पहले हमारी बातचीत के basis पर क्या मैं आपको एक feedback के लिए request कर सकती ठीक है ma'am. ठीक है मैं आपके call को हमारे feedback IVR पर transfer कर रही हूं. आप हमारे बातचीत के basis पर एक से पांच तक rating दे सकते हैं. जिसमें एक सबसे कम है और पांच सबसे ज़्यादा. Cred को choose करने के लिए धन्यवाद. आपका दिन बहुत शुभ We request you to rate your experience.
e3866355-2619-46df-8841-45962c1c2f0d,"Good morning. This is पूजा I'm here to assist you today. Am I speaking with अरशद Yes ma'am. Ok. Thank you for the name confirmation. As I can see you've raised a concern that you want  to activate your credit application right? and as I can see the reason also that you are changing your number that's why you want to delete it? Ok ok. Please be assured I'm here to assist you with the same regarding your concern. So just allow me a moment. I'm checking some of the information. with this account? nan As I can see you have a credit coins of 1 lakh ###. So do you want to use So if I login with another account with another number, I can use it No. then this credit coins will be loss if once you delete this account and they cannot be transferred How can I use this coins. You can use this coin in the store section whenever you purchase something you can use them to be discount and also for paying game the reward section and whenever you book any travel package, you can use your credit coins there also. to avail the discount. how to to this? Yes. auto store the points You can store the coins you can use them to avail the discount like in the store section in the credit application, there is a store section, right? So in that whenever you purchase something or any product you can use some amount as well as the these credit coins to avail the discount. And if there nan Yes, if you want to use then you can I suggest that please use it use the first and then we will proceed with the delete You can connect to us after using that icon. ok. Ok then I am  using only Ok? And and also in your credit balance there are 10 rupees. So I would suggest you please utilize all these things and then you can come back to us after sending a call me back request and we will delete your Ok done. there anything else I can help you related to correct? No, nothing Also before we end this call may I request you a small feedback on the basis of a conversation? Yeah sure. Thank Ok. I'll transfer your call to a feedback IVR where you can select between 1 to 5. 5 is excellent and 1 being 4. Thank you for choosing. Have a nice day. Yes sir. We request you to rate your experience with our expert on a scale of 1 to 5 with 1 being poor and 5 being excellent. Please press the number on your dial pack to You have just helped us improve the credit experience for all our members. Do reach out again in case of any other concerns. Thank you and have a good day."
e39ded3d-8e8d-415f-835e-8c8b20648c78,"Good morning. This is नीता. I'm here to help you today. Am I speaking with कपिल? Yes. My name is समन. Thank you for the confirmation. So I see that you have raised a call me now request regarding the  from Cred and it is due for KYC, right? Yes, it is regarding the motor insurance. and I was not able to upload the KYC Actually, I but somehow it got it is getting rejected. So I have updated to attachment this time, 1 is in picture from 1 is in PDF form Just to have a mode better clarity Thank you so much for this operation Let me check the document you have sent and you go  for KYC I can keep  it. So, allow me a moment. the name of That is my father. Yes, thank you. little lose message I'm able to hear जी. Am I audible? Am I audible? Yes, now you are audible. Yes. So अपन thank you so much for sharing the document with us. It's it's clear it's  clear document. Thank you so much. And I'm raising your concern to the internal team. We'll get back to you with an update on it very soon. maximum timeline would be tenth of October. But don't worry, since this is a system generated timeline So it might be possible that we'll get back to you with an update on it on or before the given  or by the end of the day date. Ok? Thank you so much. Alright  anything else that I may assist you with regarding? No. Ok. So before we end this call, may I request you to please share your valuable feedback based on the conversation. It would just take a moment. No no, I am not  with it.  my issue is still processing. until I get an issue resolved. I won't be able to return Alright no problem. And  so thank you for choosing. Have a great day ahead. Thank you so much."
e412e53a-faf2-42fd-8993-ac06b93e83b0,"Good morning. This is. I'm calling you from Cred on a recorded line. Am I speaking to जी? you for confirming your name  actually I was having a word with you. I'm calling you from the credit on a recorded line. I was having a word with you and suddenly the call got disconnected I'm sorry for reason we are calling you back. Is this the right time to talk to you? Thank you. So विशाल जी   inform you that when I'm checking the details I can see that your purchase is policy which is from ICICI Lombard and this policy is going to  it's already been renewed and it's already been issued also but the policy is going to start from first of December #### which is valid till  of November ###. and that  reason you are not able to view the details in the Cred application. So I like to inform you that from the date it is going to start from the same date you are able to view the details. also like to inform you, you just need to log in to the credit application go to the credit garage section and select the vehicle then go to the view  go to the insurance section from the view policy details you can view the details of the policy you have purchased Even also from the view policy document you can easily download the policy copy and you can download the  download the policy copy by getting the share option. Once you share the policy document, you will be able to download the policy also. I got it. I got it. I got it. I got it already हां, yes sir just during talking with you. I got the policy. It's ok. Thank you. Welcome. Is is  everything  check is everything completed or anything pending from my side. No, the thing is pending from your side because the  and everything has been completed that reason the policy got issue to Ok.  Yes, I got the policy already from there only. new policy and then I got policy  through   I just expect WhatsApp and  get the policy It's ok thank Is there anything else I can help you? No, it's ok. Thank before we end this call, may I request you to share your valuable feedback on the basis of conversation it will be just taking a few seconds of time. Ok. Awesome, I will be transferring call to the feedback IVR where you can rate the conversation between 1 to 5.  1 being 4 and 5 being excellent. you for choosing Cred. Have a great day. We request you to rate your experience with our expert on a scale of 1 to 5 with 1 being poor and 5 being excellent. Please press the number on your dial pack to है. We won't able to register any input. You have just helped us improve the credit experience for all our members. Do reach out again in case of any other concerns. Thank you and have a good day."
e453fb0f-afd4-4867-bb48-37b945942148,"nan Good morning. My name is ज्योति I'm here to assist you today. Am I talking to भानु? प्रकाश? Yeah, hi so I initially made a payment from my credit card amount Your voice is not audible Your voice is not audible. Am I am I audible? Yes yes you are audible. Yeah. So I initially made the payment from my credit card. amount got debited but in credit it shows the transaction was failed but now I think it is reflecting. So again now it is reflecting. Yeah, to my card the amount got reflected So now the payment is successful. Yeah, it is successful. Ok. So you so your concern is that you made a payment of 26 87 rupees Yes correct. towards ICICI bank ending with digit ### And for that you have used credit balance of rupees and the total amount paid is 48 You did the payment on seventh of October and your due date was on eighth of October. Yeah, correct correct. and the status of your payment is successful. I would like to inform you that the status is successful that means the payment has reached to your bank. Yes yes. I just have  5 minutes are there actually. Ok. So you can you elaborate me your concern? No no no, I don't have any concern when I placed the request for the call at that point of time the transaction was failed. But just 5 minutes earlier it got success Ok. Is there anything else regarding credit that I can help you No no no issue issue is resolved, no. Thank Ok before we end this call, may I request for your valuable feedback based on our conversation? Yeah yeah For that I will transfer your call to the feedback IVR and you have to rate us between 1 and 5 for 1 being poor and 5 being excellent. Thank you for choosing Cred. Have a nice day ahead. We request you to rate your experience with our expert on a scale of 1 to 5 with 1 being poor and 5 being excellent. Please press the number. You have just helped us improve the credit experience for all our members."
e4758be3-8abf-4c31-a449-06a1cc707df9,"Good morning. nan Good morning. My name is जी. I have I am here to assist you today. Am I talking to अनुभव कुलदीप? हां yes. Thank you for confirming your name अनूप. So can you please elaborate me your concern? Actually ma'am मैंने तीन October को BB card की payment की थी account से भी deduct हो गई थी और CRED में भी successful show कर रहा nan लेकिन अभी तक मेरे भी  भी card में payment reflect नहीं और अभी  अभी मैं bank से बात की थी तो वह कह रहे थे कि अभी आपकी ऐसी कोई payment नहीं आई आप निश्चिंत रहिए जैसा कि मैं देख पा रही हूं आपने आठ हज़ार बयालीस रुपए तेईस पैसे की payment की थी towards bank of broad  जी जिसकी last के digit है ### बड़ा right. इसमें हमने credit balance आपने credit balance use किया था 33 rupees हां. और आपने जो total amount pay किया है वह है ###. पैसे. आपने यह payment तीन October को किया है और आपकी due date जो है वह है बीस October की Don't worry हमारी side से जो payment का status है वह successful दिखा रहा है. ऐसे मैं हमेशा दो ही scenario होते हैं  तो आपकी payment जो है वह आपके bank of बढ़ता तक पहुंच जाएगी. नहीं तो वह return होगी आपके account में वापस आ जाएगी कि आपने इसके लिए जी क्या आपने आपने  payment करने के लिए UPI का use किया जी. यह कब तक रहेगा हां UPI का use किया जी इसके लिए आपको दो से तीन working days का time लग सकता है. अगर तब भी आपको कोई update नहीं मिलता है हमारी side से या bank के side से तो आप दुबारा हमसे contact कर सकते कितना time जी दो से तीन दिन का समय लगेगा इसके Ok. क्या मैं credit से संबंधित आपकी कोई और सहायता कर सकती हूं? No, thank you. इसलिए मुझे तो कुछ नहीं करना रहेगा. नहीं आपको कुछ नहीं करना है आपको आपको इतना time frame का wait करना है जो दो से तीन दिन का समय होता है यह maximum time frame होता है. हो सकता है आपकी payment आ आ जाए या कल आ जाए ऐसा भी होता है लेकिन हम लोग हम हम जो time frame लेकर चलता है वह है दो से तीन दिन का maximum time frame. अगर इस beach आपके transaction successful हो जाती है तो आपको update मिल जाएगा आपके WhatsApp पर नहीं तो फिर आपके SMS notification पर अगर फिर भी आपको कोई update नहीं मिलता है तो आप फिर हमारी team आप वापस से  call  back request raise कर सकते हैं और आपके issue को resolve करके हमें खुशी. ठीक है ma'am. Ok, thank you. क्या मैं आपकी कैसे संबंधित और कोई सहायता कर सकती हूं? No. Thank इस call को end करने से पहले क्या मैं आप हमारी बातचीत के आधार पर आप छोटे से feedback की request कर सकती हूं इसमें बस कुछ समय लगेगा. For that मैं आपकी call को feedback IVR पर transfer करूंगी जहां पर आपको हमारी call को एक से पांच के beach में rate करना होगा जहां एक सबसे कम और पांच सबसे अधिक. Credit को choose करने के लिए धन्यवाद. आपका दिन शुभ हो. We request you to rate your experience with our expert on a scale of 1 to 5 with 1 being poor and 5 being excellent. Please, you have just helped us improve the credit experience for all our members. Do reach out again in case of any other concerns."
e484702a-8693-4a84-82fb-6058b0597cd9,"Good morning. This is   today. Am I speaking with मेरा? Yes ma'am. Thank you for confirming. I see is in regards to your credit cash. Yes ma'am. Can you please elaborate the concern so that I can help you with that? Yes. can you talk in हिंदी? ज़रूर Ma'am मुझे credit cash related बात करनी थी मुझे video KYC में issue हो रहा जब भी मैं video KYC कर रहा हूं. हां उन्हें problem यह  और यह है कि मेरा PAN card उन्हें blur दिख रहा है camera अच्छा. हां हालांकि मेरा camera अच्छा है mobile phone भी अच्छा और मैं other bank  video KYC करता हूं same phone से तो successfully हो जाता है लेकिन उनकी तरफ से नहीं हो पा रहा अच्छा. हां  concern लेकर  withdrawal करने का try कर रहे थे आपको video का blur  photo नहीं ले पाया जी जी. वह photo click नहीं कर पा क्या मैं call एक minute के लिए hold में रख सकती हूं details check करने जी ma'am बिल्कुल. शुक्रिया. Line पर रहने शुक्रिया.   माफ़ी चाहते हैं. जैसे कि मैं देख पा रही आपकी try किया था withdrawal करने का पांच को आपने चार बार try किया था right? जी ma'am. जी और आपने आज आपने एक  बार try किया था तो मैं यह ना चाहती हूं आप retry कीजिए. ठीक है आप एक बार retry करके देखिए after 48 hours के बाद ok? जी. हां आप एक बार retry करके देखिए   48 hours के Ok ma'am. इस issue solve हो जाएगा. हां, जैसे कि मैंने देखा तो आप एक बार retry करके देखिए अगर नहीं होता है वापस recharge के लिए हम आपकी मदद कर Ok sure. की और कोई सहायता सहायता कर सकती No no. Thank you. Thank you so much. जी call end करने से पहले  छोटा सा बातचीत के आधार पर? जी शुक्रिया आपके call को हमारे feedback IVR पर transfer  एक से पांच तक के beach में rating   जिसमें एक सबसे कम है पांच सबसे ज़्यादा  credit को choose करने धन्यवाद. आपका दिन शुभ हो. No sir. Thank you. We request you to rate your experience with our expert on a scale of 1 to 5 with 1 being poor and 5 being excellent. Please, you have just helped us improve the credit experience for all our members. Do reach out again in case of any"
e53791d2-2cdd-4139-a7ab-b54b23905919,"nan morning. This is कृष्णा. I'm here to assist you today. Am I speaking with ऋषभ? Yes. Thank you for confirming your name विमल. As I can check, you have raised a concern regarding Yes sir. I have paid the  through    deducted twice from my saving account. Ok, really apologize for the inconvenience but on query we are we are here for your have. So I'm checking the details. right?  the order ID which you have shared with that it is showing amount of    rupees and   that you made towards your  small finance  That is    ###. Right? So concern is regarding this, right? Thank you so much for confirming this. So what I can check that on seventh October you have made this payment and what I can check that yes we captured the money. we tried completing the payment towards credit card  that is a small fine. But we face some issue because of which we  unable to complete the payment for which we really apologize that from our end, I can check that there are 2 debit and 2 times we have refunded the amount towards your primary account that is with our application and that  state Bank of India ending with ###. Right? And Right right. you have rate. So your issue is that yet you have not received the refund नहीं नहीं, I have received  just I have received a message. Ok, over the call you have received refund? Ok. I am glad to hear that you have received the refund and thank you so much that you have confirmed that you have received the refund. So is there anything else may I assist you apart from this related Ok. No no no no. Thanks a lot, Most welcome.  So before I end up this call, may I request you to share your valuable feedback basis on our conversation.  Just take a moment to share the feedback Thank you so much Mister अभिषेक. So I am transfer call to the feedback IVR where you can select between 1 to 5. 5 being excellent.   Thanks for choosing  I hope you have a great day ahead. Ok. Thank Welcome. We request you to rate your experience with our expert on a scale of 1 to 5 with 1 being. You have just helped us improve the credit experience for all our members. Do reach out again in case of any other concerns. Thank you and have a good day."
e575e72f-7087-4c84-9ce6-42d60716882f,"Hello.  very good morning. Hello. I'm audible? nan हां sir it is     call  नाम sir सचिन  तो मतलब nan हां sir मेरे को sir insurance     का को. credit application limit  payment   sir. But unfortunately, मेरी payment proceed check check     remain at the around where    can madam. on sir,   sir ok but  को  expire तो I think    expire on sir Sir 9 expire  see repay    your    time once. minute. Ok sure. Correct  sir correct भी choose करने   की   10 percent    claim sir. नहीं Ok sir. credit   case कल. Ok ना?       any call on IVR calling Now calling rating  call    rating is  and    1 more    Thank you. Have a great हां,  ok. Ok Ok We request you to"
e5eda9cc-0467-46b7-b309-b66559422ad6,"Good morning. This is सुमित calling from Cred on a recorded line. Am I speaking with प्रियंका? Good morning. This is शुमित. I'm here to assist you today. Am I speaking with प्रियंका? you so much प्रियंका for confirming your name. So I see your request in regards to credit cash regarding the repayment  Am I Thank you so much for confirming and I'm extremely sorry for this inconvenience caused.   प्रिया  please I  understand the issue in detail so that I could assist you with the same? Sorry can  come can you please help me understand what exact issue you are facing so that I could assist you with the Actually, yeah yeah. have repayment the my number EMI. So it's not reflecting over there. But now I am getting my money back. So I want to repay this amount. today itself. how can you I do Ok. Ok प्रिया as I have understood your concern that you have  on going loan with the credit cash and you want to make a advance payment for the month of November. Am I right? Yeah yeah yeah yeah. Ok,  thank you so much for confirming your प्रिया I would like to let you know that actually since I could see just allow me a moment. Let me check for information regarding this so that I could assist you accordingly. Ok  so as I can check from my end that the state like you are unable to make the payments. So could you please tell me understand but exact issue you are facing while you are trying to make the payment for the month of November? So, it's getting delay Ok. So it is getting delayed. in the application, it is saying that they are unable to proceed with the payment. Am I right? Yes yes. Ok. amount is amount  deducted from my account? but it's not shown over there. Ok, प्रियंका. I totally understand your concern that the amount that you are trying to make a payment ###. Am I right? Thank you so much for confirming. So as I can check it from my end. Actually, the payment that you have made it is actually failed. We have actually not able to complete this payment. So for that actually it will again Actually, I actually actually, actually I have faced this issue 2 2 times in these 2 to 3 days. in credit all the last payment which I have done for this month it's also  the the same issue over there and for November month which I have done on today it's also the same issue. Ok प्रिया. पर as I could check it from my end that for the month of October your EMI payment is actually done like on second of October you have made manual payment Am I right? Yes, so your EMI payment is actually completed. So, there is no issue with the payment with the EMI. You have actually made that payment completed for the month of October, However, since you are trying to make the payment for the month of November, it is actually failed as I have mentioned and that amount is actually proceeded for refund from our end. Yes. So it will So can can I try now repayment the November November? If you want to make the payment  you surely can there is no issue with you can proceed with Ok, thank you. Ok. Thank you so much श्रेयाश. and let me check if refund is initiated Sure प्रिया. And also प्रिया do you have any other query regarding with that I  assist you further? No no. Thank Ok that's great. and also before we end this call may I request you to share your valuable feedback basis on the conversation that we had. Thank you so much. I will transfer your call to our feedback IVR. You can select between 1 to 5 5 being excellent and 1 being 4. Thank you so much for choosing I hope you have a great day. We request you to rate your experience with our expert on a scale of 1 to 5 with 1 being poor and 5 being excellent. Please press the number on your dial pack to You have just help."
e64a9ce4-801d-4ec9-8dbb-ac71c76b5bfb,"Good morning. This is प्रियंका and I'm here to assist you today. Am I speaking with रोहित? Thank you शुभ for confirming your name. As I can see here you have requested a call me now and this is regarding the incorrect details of your vehicle which is reflecting in the Cred application right? Yes, that's correct. Thank you for confirming. and sorry for the inconvenience caused to you शोभित. Do not worry. I'll be assisting you regarding this. So I will help you out to make the necessary changes regarding your vehicle in the credit application and if I'm unable to do that. So I request you to please share the RC copy of this vehicle which is  a  4      So that we can raise a request for changing the incorrect details. Ok? Yeah, I have already tried in the app. So basically to give you the contact the vehicle is time   4. But in that it will come as  the make would comes by that because they are man facing  vehicle. So under but there is no Ok. Ok. Because that vehicle is under try but since the vehicle is but I'm only getting the Bajaj vehicle. So that is the problem. Ok. We are sorry for this inconvenience caused to you, शोभित. But do not worry. First I'll try to make the necessary changes from my end. So will you please help me out to make the necessary changes Basically,  Thank you so much. Basically, it is  2 will. Right? And the Ok. and what is the model of this vehicle? 4. ### There is 1 more  4. nan Yes. Ok. Please allow me 1 So sorry to inform you, but over here    is not available model is not available here. So  sorry to inform you, I won't be able to make the necessary changes I request you to please share the RC copy of this vehicle, Ok? So for sharing the RC copy I will be sharing you a link via SMS to your registered phone number on which you have requested a call me now. Once you click on that link, it will redirect you to the Cred application where you will get a option of add attachment. So by using that add attachment option, you can attach the RC copy of your vehicle front and backside both. Ok? I can attach the soft  copy. So is it like the digital version not sir. I'm so sorry to inform you, but that is not applicable to make the necessary changes. I request you to please share the RBI Because I haven't received the physical  copy. I have the discussion of it. Ok. There is no problem. Then you can share that. I will mention over there. the concern which I will raise Yes. I have already shared you the link is it possible for you to attach it right now? I need to download it, it will take some time. lakh Ok, no problem. Sure. Definitely. no problem Take your time. the link as well as the ticket ID will be open for you. So once you complete attaching the RC copy there after our team will get in touch with you and they will help you out for this concern. Ok? Yes. Is there anything else apart from this I can assist you regarding Cred? No. Thank you. Alright. You're welcome. So before I end this call, I have a small request to you. based on our conversation would you like to share a small feedback, it will just take a moment. Yes. great. So I will transfer this call to the feedback IVR where you can rate from 1 to 5, 5 being excellent and 1 being 4. Ok? Thank you for choosing Cred. It was great talking to you and have a wonderful day. Thank We request you to rate your experience with our expert on a scale of 1 to 5 with 1 being poor and 5 being excellent. Please press the number. You have just helped us improve the credit experience for all our members. Do reach out again in case of any other concerns. Thank you and"
e673e5f3-079d-41bb-af27-b57947b5d25a,"Hello. Hello. morning. This is प्रियंका  recorded line from Cred. Am I speaking with nan morning. This is प्रियंका. on a recorded line from Cred. Am I speaking with नारायण? Thank you so much for the confirmation रहना. Is this a good Yeah. Thank you so much.  you have raised a concern like 1 of your related have raised a concern on Instagram handle. nan stating that you are not able to you know login into the credit account. Right? Yes yes. Yeah, so you wanted to reactivate that account is Yeah. So I know please be inform that your account has been reactivated successfully. Ok. So now you can login into the application and you can use this credit account. Ok? Ok ok thank you. Yeah. Apart from this anything else I can help you with? Ok no no  thanks. Thank you so much. Just a small request before you end this call, may I transfer your call to IVR where we can rate a conversation between 1 to 5. Ok. Thank you so much. I'll be just transferring the call to IVR where you can rate our conversation between 1 to 5 1 being list and 5 being excellent. Thank you so much for choosing Cred. Have a great day. there so We request you to rate your experience with our expert on a scale of 1 to 5 with 1 being poor and 5 being excellent. Please press the number on your dial pack to You have just helped us improve the credit experience for all our members. Do reach out again in case of any other concerns. Thank you and have a good day."
e6a215f7-b5d2-4901-b59a-e3201543253b,"morning. This is कृष्णा here to assist you today. Am I speaking with विवेक कौशिक Am I audible? Ok. Am I audible? I'm sorry. I am unable to hear from your side so I request you to come  and then you can Yes. Am I speaking with  कौशिक नमस्कार बात कर रही हूं क्या मेरी बात विवेक कौशिक जी से हो रही हां जी. जी Mister कौशिक नाम confirm करने के लिए धन्यवाद तो check कर पा रही हूं concern जो raise किया है इसमें आपने mention किया है कि जो एक email है आप वह verify नहीं कर पा रहे हैं correct product में आप issue face कर रहे हैं हां. माफी चाहूंगी असुविधा के लिए कोशिश करूंगी इस concern मैं आपकी पूरी सहायता कर पाऊं. तो जैसे कि आप यह बता रहे हैं जब आप Cred product concern यह है कि Cred product ना mail ID डाल रहे हैं तो आपको verify के लिए बार बार खोल रहे जी इसके लिए हमारी एक relevant team है Mister की तो अगर आप अलावा करें आपकी call एक से दो minute के लिए hold पर  रख सकती हूं. जैसे मैं एक बार team से consult करना और फिर call transfer कर दूं. ठीक है मैं कौशिक main  यह बताना चाहूंगी कि अगर आपको कोई error message receive हो रहा है तो उसका screenshot भी आप हमें provide कर सकते हैं over ठीक है. इससे हम further आपको help कर पाएं. हां जी जी तो ठीक है उसे कौशिक तो एक से दो minute के लिए call hold पर रखिए call पर आप बने रहिएगा. call disconnect नहीं कीजिएगा अपने end से. ठीक है उसे कौशिक जी धन्यवाद. जी hold पर बने रहने के लिए धन्यवाद. करना करती हूं आपके समय और patience की तो हमारे साथ हमारे relevant team से  जो good  है और आगे इस concern में वह आपकी सहायता करेंगे  Over to  I am talking of the call from  thank you so much.   नमस्कार Mister कौशिक नमस्कार, Mister कौशिक नमस्कार Mister कौशिक आपको मेरी आवाज़ Mister कौशिक क्या आप call पर रह  आपको मेरी आवाज़ जी जैसे कि मैं देख पा रही हूं आपका concern है आप credit protect पर अपनी email verification verify नहीं कर पाए. हां. हां जी. Mister कौशिक क्या आप मुझे यह बता सकते हैं कि आपको exactly error या face हो रहा है email verification करने के time मैं हर बार verify कर रहा हूं मुझे दिखा रहा है यह email has been verified but दुबारा से  लिखा रहा है दुबारा से क्या लिखा रहा है सब आपकी आवाज़ नहीं आई मुझे मैं माफ़ी चाहूंगी. please verify your email Alright. तो    की मैं देख पा रही हूं आपकी credit product email ID already registered है जो कि है    9 at the rate Gmail dot com. मुझे अपने end से already registered दिख आपकी  protect email ID. बता मेरी इसमें दिखा रहा है कि मैं जब भी अभी statement fetch नहीं कर पा रहा दिखा रहा हैं to fetch your statement you have to verify your email. Ok. I completely Card का मैं कुछ  card का मैं कुछ  नहीं देख पा रहा हूं कि pending  है क्या है कुछ नहीं है कुछ नहीं आ रहा update Ok आप अपनी जब   fetch करने जा रहे हैं तब आपको यह issue आ रहा है कि आपकी email verified नहीं Ok. मैंने कम से कम पचास बार email verify कर Ok मैं आपका concern के लिए समझ सकती हूं Mister कौशिक Mister कि क्या आप मुझे एक minute का समय देंगे ताकि मैं आपको बेहतर  कर हां जी. जी क्या मैं आपकी call को एक minute के लिए hold पर रख सकती हां जी. Ok धन्यवाद. nan Hold पर बने रहने के लिए धन्यवाद Mister कौशिक जी madam बताइए. मैं मैं माफ़ी चाहूंगी long hold के लिए. तो Mister पांच क्या आप जो आपको error आ रहा है email verified का जो आपकी email verify नहीं है उसका जो error है क्या आप मुझे उसके screen recording बनाकर भेज सकते एक minute. हां मैं Mister  मैं आपको एक और  एक और information देना चाहूंगी कि अगर आप अपने ही phone से screen recording बनाएंगे तो security reasons की वजह से  screen screen recording नहीं बस पाएगी. तो मैं आपसे request करती हूं कि अगर आपके पास अभी कोई दूसरा phone available है तो अब उससे उसके record करके कृपया करके हमें कैसे भेजूं मैं आपको आपके पास अभी कोई दूसरा device available हां. हां, तो आप उससे record कर सकते हैं या फिर हमें भेज सकते जैसे     email नहीं मैं आपको एक text SMS के through आपको एक message receive होगा उसमें एक link होगी उस link पर आप attach कर सकते nan ठीक है आप please  message. मैं आपका पाटिल? Mister  सिर्फ आप एक बार share कीजिए आपको मैं text message के through एक message भी हुआ. nan अभी तो receive नहीं हुआ है. आपको अभी तक receive नहीं ठीक है मैं अपने end से आपको एक और बात हां भी आया हां जी धन्यवाद. have relevant Ok. Mister कौशिक मैं माफ़ी चाहूंगी तो आपकी आवाज़ मुझे clear नहीं आ रही है. आप repeat कर सकते हैं आपने क्या कहा आप hold करेंगे. हां हां मैं call पर ही हूं. आप अपना time दीजिए Please एक  जी. Ok ok. the amount हां. जी, आप आपने भेज दिया है screen recording? Hello एक minute हां आप अपना time दीजिए Mister क्या आप call पर रह mister कौशिक हां जी, हां जी बिल्कुल. जी  जी जब आप भेज  आप एक बार please मेरे को confirm कर दीजिएगा हां मैं   करूंगा एक minute. ठीक है Mister कौशिक आप अपने ठीक है, ठीक है. Tomorrow"
e7170ac7-2ba4-4443-a280-4e7f0740919b,"उसी में वह  भी call है. nan bank में बोले Good morning. My name is जी. I'm here to assist you. Am I talking to प्रशांत राघवन? Thank you for confirming your name प्रशांत. nan हां can you elaborate me your concern? Ma'am transaction हुई थी एक second October को वह cancel हो गई उसका return नहीं आया अभी ना nan आपने transaction second October को की थी हां. कितने amount देख #### करी. Yeah. Ok. Yes, as I can see that you have done a transaction of rupees 1 thousand towards Punjab ending with  ###. and वह जो credit आपने उसके लिए credit balance use किया था नौ रुपए का. और आपने जो total amount pay की है वह है सात हज़ार नौ सौ क्या रुपए. आपने यह payment दो October को की थी हां जी वह cancel हो गई जी. तो वह payment आपके cancel हो गई तो क्या amount आपके account से deduct हो गया हां जी. तो आपने cancel की थी तो फिर वह deduct हुआ cancel अपने आप हो गई अच्छा तो फिर क्या वह amount जो है वह Punjab national bank तक पहुंचा नहीं और वह payment जो है वह आपके account में भी अभी वापस नहीं आई नहीं ma'am छह October की last date बोला था छह कल थी कल तक वह आई नहीं जी मैं अभी के लिए अभी तक तो जी मैं अभी के माफी चाहूंगी आपको जो भी परेशानीयों का सामना करना पड़ रहा है But please be rest assured we are here to help you out. आपने कोई file upload की हां जी. जी तो मैं आपका concern जो है वह हमारी internal team को highlight कर देती हूं और वह आपसे दो से तीन दिन में WhatsApp के notification के through आपको update आ जाएगा नहीं तो credit की जो है पर वहां पर update आ जाएगा. अगर फिर भी कोई update नहीं आता है तो आप call me back request raise कर सकते जी, तो मैं एक बार  document check कर लेती हूं जो आपने send किया हां जी ma'am कर लो आप PDF आपने कोई document नहीं नहीं कि हमारे पास तो कोई document नहीं आया अभी Ma'am मैंने upload किया हुआ CRED support पर आप check कर जी मैं वही check कर रही Ma'am ###AM पर कर रखिए  मैंने. जी मैं जानती हूं आपने भेजा होगा but हमारे पास ऐसा कोई document नहीं आया है. तो क्या आप दुबारा से भेज सकते हैं उसके लिए मैं आपको एक link send करूंगी. आप उस link पर वह document attach कर सकते हैं. वह हां जी भेज दो हां   जी. nan आपने उसका आप मुझे password share करेंगे जो आपने document set किया है उसका. double ### Double ### triple triple 0 1  2 1 0 2 0 9 6 triple 4. 9 triple 4. जी मैं देख पा रही हूं कि आपने Punjab national bank की एक copy भेजा है जिसके अंदर आपका नाम आपका address आपकी और आपके  KYC number mention Yeah. ठीक है प्रशांत. मैं आपकी इस concern को highlight कर देती हूं और हमारी team जो है वह आप WhatsApp notification के through नहीं तो credit support पर आपको message आ जाएगा अगर आपको कोई not आपको कोई update नहीं मिलता है तो आप हमें दुबारा से contact कर सकते हैं इसके लिए आपको 48 से 72 hours का wait करना होगा. Ok ma'am. क्या credit से संबंधित मैं आपकी कोई और सहायता कर सकती नहीं ma'am बस मेरे को आप ID share कर दो यह जो मैंने अभी raise की है ठीक आपको ID चाहिए इसकी? जी मैं  share कर देती ticket number आप share कर दो. 2 9. ### Double 3 double nan Ok ma'am, जी हां जी."
e8142bf0-fc93-4a08-9143-decff227d39f,"Good morning. This is  calling you from Cred on a recorded line. Am I speaking to पूजा. जी जी पूरा जी आपका एक concern था आपका जो product है broken मिला है आपको अपने inform किया है. क्या मैं जान सकती हूं कि product के related आपका concern है? वह के लिए. मैं देख पा रही हूं दो concern है एक है make up resolution का super  जिसमें आपने concern raise किया था और वह already raised है  issue के लिए मैं देख पा रही हूं मैं से आपने कुछ  issue face किया था इस concern पर and आपने mention किया था  price जो है वह सही नहीं हां  सही नहीं है और वह broken भी थोड़ा सा ना उसका text capture जो  किया है ना वह मतलब ऐसे खराब type कि हां जी. तो हो नहीं नहीं है बड़ी ऐसा  तो लिखा हुआ है उसमें. जी जी type का है वह हां. हां जी. जी मैं समझ पा रही हूं माफ़ी चाहूंगी पूजा जी आपको ऐसे issue face करनी पड़ी क्या मैं जान सकती हूं आपने दो   order किया था दोनों के related ही आपको same concern है? हां so दोनों का ही आपको second product जो है वह broken मिला है, correct? अच्छा क्या मैं request कर सकती हूं कि आप वह broken product का images share कर सकते हैं ताकि further हम आपको इस पर assistance provide कर हां जी मैं कर दूंगी मुझे  थोड़ा सा time दे दो कोई issue नहीं है. मैं आपको एक link share कर दे रही हूं आपके registered number पर जब भी आप चाहे आप attach कर सकते हैं images आपको कुछ ही देर में हमारे end से call back मिल जाएगा. ठीक है ok. ठीक है. मैंने आपको share कर दिया है  link 7 double ###double में kindly एक बार check करके देखिए आपको मिला है कि हां जी मैं request करूंगी kindly इसके related जो broken part है वह  image में visible होना चाहिए इसके अलावा जितना भी चाहिए मुझे share ठीक है ठीक है. धन्यवाद धन्यवाद समझने के लिए और कोई भी सहायता कर सकती हूं मैं credit related? Thank you. Thank you. जी जी जी जी  call को end करने से पहले क्या मैं एक request रख सकती हूं हमारे बातचीत के आधार पर एक छोटा सा feedback Ok ma'am. जी जी फिर मैं आपकी call को feedback IVR में transfer कर दे रही हूं वहां पर आपको एक से पांच तक select करना होगा. पांच सबसे अच्छा है और एक सबसे बुरा है. Credit को choose करने के लिए धन्यवाद. आपका दिन शुभ हो. We request you to rate your experience with our expert."
e86385c1-4149-45f2-b4f1-5782d197ea4c,"Good morning. This is खुशी. How may I assist you today? Am I speaking to जी? हां जी, हां जी. मैं तेजस सिंह बोल रहा धन्यवाद आपका नाम confirm करने के लिए. जी जी जैसे मैं check करके देख पा रही हूं कि आपने जो है call के लिए request  किया आपकी vehicle के लिए जो ending है ###से और यहां पर आपने mention किया कि आपको कुछ policy document में जो है issue आ रही है बेहद माफी चाहूंगी बताइए मैं आपकी कैसे सहायता कर है. आपने WhatsApp number पर मैं policy के document दे दी sorry मैं आपकी बात समझ नहीं मैं मेरे  इसी number पर ना WhatsApp के number पर आप मेरे policy के documents भेज दीजिए मुझे मेरे पास document मिल Ok, आपको documents जो है आपके पास available नहीं है. तो आप policy के जो है documents आप लेना चाहते हैं हां हां Ok, बेहद माफ़ी चाहेंगे आपको यह परेशानी हुई है आप निश्चिंत रहिए इसके regarding हम आपको ज़रूर सहायता करेंगे. आप please मुझे एक minute का समय दीजिएगा मैं check कर लेती हूं पहले details को ताकि मैं आपको इस विषय में सही से help कर हां जी, हां जी. और आगे कितने की policy में  net रहेगी वह जैसे कि मैं यहां पर check करके देख पा रही हूं कि आपने जो policy purchase किए हैं वह आपने relevant general insurance  आपने policy purchase किए हैं and आपको बताना चाहूंगी  outside  Cred आपने policy purchase किए हैं. इसलिए  documents के related आप kindly please जो है insurance  connect कर लीजिए. इस issue में वह आपको बेहतर तरीके से help कर पाएंगे. हमारे पास उनके documents available नहीं I'm sorry for आप   credit care credit department जी मैं Cred से बात कर रही हूं और आपने जो policy purchase किए थे वह outside  Cred आपने like general insurance  purchase किए थे. इसलिए उनके documents जो है वह हमारे पास available नहीं होते हैं. मैं request करूंगी please एक बार जो है आप उनसे बात कर लीजिए directly. चले चलो ठीक है ठीक है ma'am. और next अगर policy अगर इसको credit के through करना चाहूंगा तो फिर पहले policy पर पर लेकर जी आपको बताना चाहूंगी अगर credit के द्वारा जो है अगर आप policy purchase करना चाहते हैं तो आप definitely जो है credit के द्वारा policy को  renew कर सकते हैं. 90 days जो है 90 days पहले से आपके पास जो है option आ चाहेंगे renewal के लिए. जैसे मैं देख पा रही हूं कि आप यहां पर जो है यहां पर quotations भी show हो रही है बहुत सारे insurer भी available है like it in India Kotak, Acko, ICICI Lombard. बहुत सारी जो है फिर बजाज start  जी बहुत सारी insurance जो है वह available है तो as per मैं अपने हिसाब से convenience जो भी है ना उसी हिसाब से मैं policy करके जी as per आपके जी as per आपकी requirement जो है आप definitely जो है policy purchase कर सकते हैं. पर अगर आप कैसे  policy purchase करेंगे तो उस time पर जो है details हमारे  available रहेंगे पर अगर आप outside  credit बाहर से अगर policy purchase करते हैं. details यहां पर जो है कि कब expire हो रही है उसके सिर्फ हमारे पास details available होते हैं उनके documents हमारे पास available नहीं होते हैं. इसलिए मैं request करूंगी documents के लिए please एक बार आप indirect insurance  connect कर चलिए ठीक है ठीक है ma'am. Thank you. आपकी और कोई सहायता कर सकते Does  Thank you so much. Welcome भेज दे जी जी. So क्या मैं इस call को  करने से पहले आपसे एक छोटी सी request कर सकती हूं feedback के related? धन्यवाद. मैं आपकी call को जो है feedback IVR पर transfer कर रही हूं जहां पर आप हमारी बातचीत के basis में rating share कर सकते हैं. एक से पांच के beach मतलब हां जी 1 hotel. Ok. Ok मैं आपकी call को जो है feedback IVR पर transfer कर रही हूं जहां पर आप हमारे बातचीत के basis पर rating share कर पाएंगे एक से पांच के एक मतलब poor और पांच मतलब excellent. मैं transfer कर रही हूं please kindly share कर दीजिए आपकी valuable feedback जी जी के साथ जुड़े रहने के लिए आपका धन्यवाद. आपका समय शुभ हां जी. We request you to rate your experience with our expert on a scale of 1 to 5 with 1 being poor and 5 being excellent. nan Please press the number on your dial pack to nan You have just helped us improve the credit experience for all our members. Do reach out again in case of any other concerns. nan Thank you and have a good day. nan"
e8b70c4a-5854-4f13-94d5-754765fbb4f1,"Hello. Hello. Hello. Good morning. हां madam. हम अभी another insurance पर ticket  मिला nan will directly होगा   success  in motor insurance   successful  regarding  the part successful  PAN card  manager  PAN card   manager sir. at the पूरी   the cancel     the success I already successful  policy  देर नहीं  PAN card का मैं अभी success   document  करना payment    on the    that the policy download ना     ना   ना  agent             नहीं credit  cancel कर ना.  credit  as आपका  cancel बने    लाल nan nan ना cancel      नहीं  policy ok  इतना       amount   ना  amount        PAN card wherein  the policy  in Acko  policy   in policy          number  money        insurance in my  insurance    insurance claimed            money nan to नहीं      रहा है दूंगा. nan हां पहले ना reach बने   तमिल   ना होगा पैसा. हिंदी   में   पैसे Ok. नहीं पूरी  पूरी जी पर   the cancellation का कि रहना ना  ना policy check the policy download activate  देखे ना cancel     the    एक on  call  को. Ok. cancel  cancel मेरा refund बनेगा       का insurance Ok sir. Ok, पर. Hello. the   5 to 7 working days is going cancellation  करता. cancel Ok ok sir. Thank you."
e8ede3f5-fd93-4c12-abf6-ac4f43cc3221,"morning. This is निकिता. I'm here to assist you today. Am I speaking with  जी? Yes yes. Thank you for confirming. As I can see that you have request regards to foreclosure. Ok. Can you please tell me that what is the exact issue you are facing regarding the Actually I tried 2 days before and at that moment, I saw that option for foreclosure But currently I paid 1 EMI yesterday.  after that, I don't having that option of foreclosure. Ok,  really sorry for the inconvenience which you are facing but don't worry I will try my best to help you. Ok? So please allow me some time I am checking the details. As I can see that you have only 1 ongoing loan and you want to close this loan Ok. Please allow me सोहन. you for staying connected. As I can see that you have made a payment of #### rupees, right? on sixth October as an EMI.  So, that's why unfortunately, is showing on on hold  as of your loan. So I would request you to wait for 7 days from the due date. because it takes   from the due date to update the EMI in our records only after that, you can foreclose the loan. anytime you want. and the second question is I want to foreclose the loan. Ok? But the amount is present in Bank of India. Ok? And in that option of foreclosure, there is a temporary unavailable y of Bank of India facing. So how to resolve that matter So what I can understand you trying to say  that you are trying to foreclose but your Bank of India is not showing on the list right? Yes. हां, yeah, but  No no, it's showing but it shows like, temporary unavailable on the on that at Ok, please allow me a moment. can I please put your call on hold for a minute while check? Thank you. you for staying on call and really sorry for the long hold. So I would request you that to wait for few days and 7 days from the due date. After that, when the EMI gets updated. Yes. You can check the available of your bank and even after that if you face the same problem, I would request you to reach out to us. Ok? Ok, is it problem from your end or from the bank side? See, for that we don't have the visibility of it. Because usually doesn't happen. Ok ok because currently what I'm, I mean, what I saw that I have amount is  only that bank and  I have to switch to other bank I have to wait for 2 days because for  day is 1 lakh rupees transaction limit. that's my issue. I'm not able to do that within 1 day. So if it is, ok, to resolve that Bank of India वाला issue, It's ok for Ok, I can understand that. see. If you want to foreclose please try to check your transaction limit before for closing Ok? That might be a problem while  showing that might be issue. I mean, reason why it is No. Actually, that's not that's not an issue because initially there there is no such calling for amount. Ok? I saw other bank also means I have the कोटक account and all all and they are showing but कोटक is like Balance account and all those stuff. and Bank of   having net banking but there is 1 more issue, that is we have to do net banking with known person that there  will be 1 lakh limit and if beneficial is added then we can have the  the amount means between 10 lakhs. Ok. So what my brand manager told me that you just take details of your loan. means account details and other ICICI code. so that we can put directly whole amount to their to that person. See for that we cannot unfortunately, we don't have any kind of account number  to give it to you. We are very sorry for that. But I would request you to wait for few days. even after I mean, after it gets updated  got the EMI. Even after that if it happened like if you face the same problem.  to reach out to us. Ok? We will help Yeah, understand. Yeah. Sure sure sure. Thank you.   last question is there any any such possibility that we can have a  UPI payment but that means currently what I am paying is only EMI. So, if I want to pay more than that  1 lakh  time. Because UPI only support 1 lakh rupees limit, ok? As you know. So if I want to pay 1 lakh rupees in 1 EMI so is is it possible? are you  talking about the part payment? हां, Yeah yeah, you can you can select Ok. Ok. unfortunately, we don't support part payment that you can foreclose the loan at 1 go or you can do the EMI monthly Ok? for for 1 good ma'am, it will we require some details as I mentioned  that for 1 time, it only give us option for 1 lakh and if we add the beneficial in our  the account, then it will ok to do payments more than month in between 1 to 10 lakh. So that's why what my bank told me to take some details so that we can do payment of above  because my payment is 24  2.5  lakh pending. Right? Total I can do 1 time payment. Ok for that Yes, for that case you can try with debit card also. Ok. Ok. If you have it   try with that. But before the   you need to check your transaction limit. If it's lowest then your foreclosure amount you need to increase it. Ok? Ok ok understand understand. Ok ok. Thank you so much. Welcome. So is there anything else I can help you? No no, thank you so much. Thank you. Ok. Ok. Before ending this call, can I ask you to give us a valuable feedback on the basis of a conversation? Ok. So I will transfer your call to feedback IVR   between 1 to 5. 5 being  and 1 being 4. Thank you for choosing. I hope you have a great day. Thank you. We request you to rate your experience with our expert on a scale of 1 to 5 with 1 being poor and 5 being excellent. Please press the number on your dial pack. You have just helped us improve the credit experience for all our members. Do reach out again in case of any other."
e96fc856-d81f-40f1-9b66-aa809a0f79bb,nan nan the date हां. तो Good morning. This is. I am here to assist you today. Am I speaking with चेतन? Yes. Thank you for confirming your name. As I can see you have raised your concern regarding the payment of rupees ###which you have paid towards the Jio prepaid on third of October. and you have used this I can see  2 rupees from the credit balance and the rest amount from the credit UPI. as the payment is in processing we really apologize for that. We do understand the situation must be difficult for you but please be assured that we are here to assist. So चेतन the concern has been already highlighted and forwarded to the internal team and they are working on it on a priority basis. So the maximum time frame for the update of the payment will be till October n. I would request you to please wait till the time frame and within the time frame for sure you will receive the update of the payment from our end. नौ October तक wait करना पड़ेगा. जी जो नौ October है वह maximum time frame है इस time frame के अंदर आपको payment की update receive हो जाएगी. जैसे ही update आती है हम आपको credit  application के द्वारा notify कर देंगे. Ok ठीक जी कोई और सहायता कर सकती हूं मैं आपको credit से related? नहीं लेकिन यह बहत्तर घंटे बोले थे उससे पहले आपको  call किया था तो बहत्तर घंटे तो हो जी मैं check कर पा रही हूं maximum time frame जो October 9 तक का है आपको ग्यारह जो है घंटे पहले एक email एक notification भी share किया गया था हमारे end से time frame के related. बाद ठीक है ठीक जी कोई और सहायता कर सकती हूं आपको credit के related? जी आपसे बात करके अच्छा लगा call खत्म करने से पहले क्या मैं आपसे एक छोटी सी feedback के लिए request कर सकती हूं बातचीत के आधार पर दो से पांच second लगेंगे हां लगा. जी तो अभी मैं आपके call को feedback IVR पर transfer करूंगी. आप एक से पांच तक की rating दे सकते हैं. एक सबसे कम और पांच सबसे ज़्यादा. Cred को चुनने के लिए धन्यवाद चेतन आपका दिन शुभ Ok. We request you to rate your experience with our expert on a scale of 1 to 5 with 1 being poor and 5 being excellent. Please press the number. You have just helped us improve the credit experience for all our members. Do reach out again in case of any other concerns. Thank you and have a good day.
ecd61a04-1171-4298-a3cd-9dc94cd52dc4,"morning. This is शुभम here  to assist you today. Am I speaking with शशि? Yeah, this is श्रेयस. So yes today Thank you for confirming your name. Yes. No problem. yesterday  regarding the ticket yesterday I received a voucher code  when the there was some how gram voucher which is not working. So instead of that  was giving   voucher code. Hello. and it was getting that the expiry of that is 7 days But when I added it itself the expiry today. So how can I verify what the expiry is it is 7 days, so is it Just Monday. understand that I really apologize for the inconvenience शशि but it is the  we have shared you the code and the pin of that it's a Swiggy money voucher. So you need to add it in your Swiggy money. Exactly. added there and there there is it saying expiry seventh October today nan seventh October Yes yes. The voucher Yeah. The voucher was shared with me yesterday, that is sixth October and in that it's also written that expiry 7 days. nan for the voucher. So 6  7 will be thirteenth of October. it will not as in voucher, it will the amount will be like credited to your Swiggy money account. हां. Yes, it is already credited but it is saying expiry seventh October So I just in understand. In that Swiggy money application. You are getting that Ok, understand शशि. I apologize for that. Could you please allow me just 1 minute   to check the details from my end. Ok sure. May I place your call on hold for 1 minute? you for staying connected शशि. I really appreciate your time and patience.  apologize to take such long hold. Yeah, no problem. Sure. That's ok. I have checked the details from my end. We have shared you the information regarding the code at the pin to add it it's the validity of 7 days. Ok? But after adding it the Swiggy money if it is showing you as it will get expired today yes. then I would request you please redeem it today only. No हां  yes. It's only. Ok ok ok. Ok, understood. Alright. Yeah, that was not clear actually. So this part what you said just should have been clarify on the message right? हां. understand that I will surely share the feedback ok? Yeah, ok Yes, anything"
ee158e5f-562e-4e83-b4d4-b0c855721305,"Good morning, I am  I am calling from Cred on a recorded line. Am I speaking with Mister सिंह? Yeah. Yes, thank you for the confirmation. I am so sorry I took a little bit longer I am transferring the call No problem. No problem.  query was just related to voucher demand And And 1  credit card bill payment? Yeah. Absolutely. I'm so sorry, the call got disconnected I was  transferring the call meanwhile the call got disconnected. Is this the good time Ok. Because it was taking   time so I doing some content work. So that's why I have disconnected call because it was not it was not show important to know the bill   just I can check in my bank account. There is no bill overdue bill payment, it was showing Yes yes. So sorry for 24 under  bill payment. I confirm in my bank application it was  no no such payment. Just I think that  is just a system error. Ok. Ok. So Ok ok. So you want me not to transfer the no problem. If you want, I can transfer the call they can better assist you. mail loan. No issues. Is there anything else apart from this? No no no no no. Nothing else thanks for give information about my voucher Ok Before we end this call, may I please request you for your valuable feedback  basis on the conversation. on IVR? Yes, I will transfer the  call to the IVR should Yes yes, no problem. Thank you so much  for being excellent and 1 being 4. Thank you for choosing. Hope you have a great day. Thank Right, right right. We request you to rate your experience with our expert on a scale of 1 to 5 with 1 being poor and 5 being excellent. You have just helped us improve the credit experience for all our members. Do reach out again in case of any other concerns. Thank you and have a good day."
f077f0f9-b8d4-424b-9065-b662d4924251,"Good morning. This is  I am here to assist you today. Am I speaking with गुलशन? Am I speaking with गुलशन? Ma'am Ma'am आपकी voice voice  slow आपके पास break हो रही अभी आ रही है? हां जी ma'am. जैसे कि मैं check कर पा रही हूं बताइए. Ma'am मैंने हां जी मैंने मेरा  Cred से दो loan चल रहा एक 1 lakh #### 1 lakh ###. Ok. Ma'am जो  मैंने तीन October को 1 lakh 500 की जो मेरा balance amount था foreclose करा दिया Ok. है और जो 1 lakh ### था उसका भी जो balance amount था उसको भी foreclose कर दिया जी जी मैं समझ पा रही हूं दोनों amount को जो है आपने foreclose कराया अच्छा, ma'am अब जो 1 lakh #### वाले statement में तो मेरा वह amount reflect कर रहा जो मैं current statement download करता लेकिन 1 lakh 500 में वह amount reflect नहीं करा आपकी दो loan है एक  1 lakh ###lakh ###correct? तो 1 lakh ###की जो है वह आपकी reflect नहीं नहीं हो रही है account. हां जी. मतलब कि आप कहां पर मतलब account की statement में जब Cred की statement निकाल के हां हां. finance loan closure हो गया तो statement निकलते statement पर वह amount reflect नहीं माफी चाहेंगे. मैं एक बार check कर लेती 1 lakh कितने की आपने बताई थी? 1 lakh 60 कुछ यह जो है नहीं reflect हो रही है, correct? statement क्योंकि उसमें statement में अभी भी दिखा रहा है principle amount balance Ok मैं check कर लेती हूं एक बार आप line पर बने रहें हमारे Ok. यह जो है आपके  में like active show हो रहा Madam मैं payment कर चुका Ok, मैं समझ पा रही हूं कि आपने payment कर दिया मगर यह आपके So में जो है reflect हो रहा है, correct? statement of account आप उसे like document share कर सकते हैं जहां पर यह reflect हो रहा मैं आपको एक link share कर रही हूं आप please उसमें मुझे अपनी जो document है जहां पर show हो रही है वह मुझे share कर दीजिए ताकि मैं उसको verify कर मैंने आपको एक link share किया है आपके SMS में गया होगा. नहीं मतलब मेरे को क्या मतलब क्या क्या show करना है आपको मतलब जहां पर reflect हो रहा है payment. यहां से मैंने payment कर हां. हां जी जहां पर यह show हो रहा है ना कि active नहीं है overdue जो भी show हो रहा है वहां आप वहां से statement जो है share कर दिए ताकि मैं उसको validate कर पाऊं. मतलब bank की statement में अपने bank की statement जहां से payment वह मेरे को share कीजिए. मैं check कर लेती ठीक है ma'am मैं आपको हां आपने मुझे link भेज हां section एक minute ma'am  line पर रहिएगा. यह रहिए. ma'am मैंने यह आपको  statement send करिए. इसमें open लिखा रहा है principle amount due credit की statement Ok. you so much document share करने के लिए मैं एक बार check कर लेती हूं उसको. क्या मैं आपकी call को एक minute के लिए hold पर रख सकती nan No Thank you so much for staying connected on call. Line पर रहने के लिए बहुत बहुत धन्यवाद गोयल. Ok. जैसे  लंबे समय तक line पर रखने के लिए माफ़ी चाहूंगी आपसे आपकी details fetch करने मुझे थोड़ा सा समय लग गया और जैसे कि मैं check कर पा रही हूं कि यह जो है ना amount यह update हुआ नहीं है अभी तक. और इसको update होने में जो है आपके like जिस दिन आपने pay किया था उस से 7 working days का time लगेगा. उसके बाद जो है post within 24 hours में आपका NOC जो है generate होगा. आप उस time के जब statement आप check करेंगे तो उसमें जो है overdue आपको नहीं show होगा. ok? Ma'am  मुझे ना statement इसको भेजना तो madam मैंने आपको payment का और लेकिन इससे दूसरे वाले का पहले हो गया उससे जो मैंने 4 October को payment करी थी उसका update मैं समझ पा रही हूं मगर अब white be कुछ system कुछ technical glitch हुआ होगा जिसकी वजह से एक update हुआ एक नहीं हुआ तो जैसे कि मैं check कर पा रही हूं ना इसमें थोड़ा समय लग सकता है. तो मैं आपसे request करना चाहूंगी कि please  7 working days का wait कर जाइए. Post within 7 24 hours में आपका NOC जो है generate हो जाएगा. आप वहां जो है loan documents वहां से download कर पाएंगे. इसके अलावा और कोई help कर नहीं नहीं बस ma'am you so much confirm करने के लिए  इस call को end करने से पहले क्या मैं आपको एक feedback के लिए request कर सकती हूं हमारे बातचीत के आधार Thank you and इस call को मैं IVR feedback में transfer कर रहा हूं जहां पर आप rating दे सकते हैं एक से पांच के एक सबसे कम होगा पांच सबसे ज़्यादा होगा. को choose करने के लिए बहुत बहुत धन्यवाद. आशा करता हूं आपका दिन शुभ you so much. We request you to rate your experience with our expert on"
f0ea3073-5577-45d2-8091-863f0826a71d,"morning. This is  I'm here to assist you today. Am I speaking to गणेश? you for confirming your name गणेश. गणेश I can see that you have raised a call request for your vehicle number ending  ###. and you have mentioned that you are facing some of the error and you have mentioned the amount got debited for the insurance but it's not been renewed yet. Right? Yes. Yes. I'm extremely sorry for Please allow me a moment of time, will  check the details once  can help you in a better way. So may I know रमेश  that when you have purchased this policy? Just 2 minutes before madam just I just said I just proceeded for the payment shot an error but the money got debited from my account. I completely understand your concern. I'm extremely sorry for this. Don't worry. Please allow me a moment of time. While I check the  month    help Please be on the Please allow me a moment. While I check the details. Ok ok. Ok so when check  the details  I can see that the payment that you have done can you please confirm me the payment amount once? It was #### Yes, exactly. let me inform you that due to some of the glitches the payment that you have done it was not been successful and that is the reason the payment got initiated on today's date only at ###AM. and  let inform you excluding that excluding the day and you please wait for 1 business day, you will be receiving this amount to  your primary account which is linked with your UPI. Yeah yeah. it will get back Yes, you will be receiving Yes you will be receiving the refund back. Please wait for 1 business day excluding today. Ok ok. Is there anything else I can help you? Nothing else. Thank So before we end this call, may I request you to share your valuable feedback on the basis of our conversation. It will be just taking a few seconds of time. Awesome, I will be transferring call to the feedback IVR where you can rate   between 1 to 5. Where 1 being 4 and 5 being excellent. you for choosing Cred. Have a great day. Ok. We request you to rate your experience with our expert on a scale of 1 to 5 with 1 being poor and 5 being excellent. Please press the number. You have just"
f0f2404b-62ea-4ebd-a67d-4b7ffcefad7d,"morning. My name is सौरव. I am here to assist you today. Am I speaking with मोहम्मद माल जी? बताइए मोहन. हां जी मैं कैसे आपकी help कर सकता insurance they click होगा. I am sorry मैं sun नहीं पा   repeat करेंगे, please? जो मेरा insurance हुआ था deliver yesterday उसमें insurance में जी मेरा जो address है वह गलत  लिखा हुआ है proper name. अच्छा insurance document में address  है आप निश्चिंत रहिए मैं ज़रूर check कर लेता हूं और मैं माफ़ी चाहूंगा जो परेशानी हुई आपको insurance policy जिसकी आप बात कर रहे हैं यह app में comprehensive policy करा है Kotak और गाड़ी का number है कि ### 4 5  इसी के आप बात कर रहे मैं check कर लेता हूं please line पर बने आपका जो policy document है इसमें जो address mention है, मैं एक बार पढ़कर बताना चाहूंगा यह address है  icon and app real limited. नहीं नहीं चाहिए मुझे पूरा change हो जाएगा हां हां. मैं एक बार check कर लेता हूं. आप please line पर बने यह address कैसे How it is possible? हां, आपने जो भी KYC document submit किया था उसमें क्या यह यह address all the KYC document. आपने जब KYC किया था यह insurance  करी थी कोई KYC नहीं हो nan आपके link से हमने payment आपका जो है भाई आपका उसमें KYC का कुछ भी नहीं नहीं, जब आप insurance policy खरीदते हैं उसमें KYC भी करना ज़रूरी होता है. जैसे मैं check करके देख पा रहा KYC के तो कोई link नहीं आया ना मेरे पास कुछ भी नहीं  payment हां  मेरे को यह mail पर  policy वह भी customer care कर बात करने के बाद वह payment fail करके बता रहा ठीक है मैं एक बार देख लेता हूं. यह जैसे मैं देख पा रहा हूं आपने Kotak से ही insurance का redirect तो इस बारे में आप Kotak General Insurance के help line पर बात कर सकते हैं. मैं आपको उनका phone number और तो करना है आपको अच्छा कोई बात नहीं. आपका select form होगा. आप चाहे तो मैं उनका email ID भी आपको share कर सकता and police mam. जी कोई बात नहीं मैं एक बार देख लेता document  upload कर दिया है आधार card और registration इसमें address change के लिए कुछ document हमें चाहिए होगा जैसे RC को भी दोनों side का आपका ID proof आधार card या PAN card owner का दोनों side का और एक endorsement कौन से  चाहिए. नितिन document चाहिए. check कर जी, बताइए. एक minute में क्या चाहिए? document में तीन document चाहिए. आपकी को भी दोनों side एक photo ID proof या तो आधार card या PAN card दोनों आधार card owner का और एक endorsement कौनसे चाहिए. nan मुझे समझ में नहीं आता आपके platform से  सारी चीज़ें उसके बाद में सब कुछ customer को ही करना है मुझे से बिल्कुल talk लग रहा मैं समझ सकता हूं मैं customer को को दिखाना  कुमार platform से क्यों करेगा  direct नहीं चला जाएगा policy. जिसके पास है उसे करेगा. सारी चीज़ें अभी   मैं नहीं देखूंगा  तो कोई एक दिन हो जाएगा. मैं claim मिले जाऊंगा claim मिलेगा क्या समझ सकता हूं आपकी बात मैं यह feedback ज़रूर मेरी team तक पहुंचा हूं. और आप line पर बने रहिए. मोहम्मद सारी जी मैं detail check करके यह request forward कर देता हूं. जी, मुझे आधार card receive हो चुका है आपका RC copy भी receive हो चुका है. nan एक endorsement consent चाहिए होगा जिसमें blank paper पर एक generate तरीके से यह insurance policy number के साथ mention करके देंगे कि आपका policy में address का है और आपको ice correction कराना है और क्या address होना चाहिए वह आप address mention करके देंगे. nan सारे complete आप अभी आप अभी दे सकते हैं तो मैं line पर अभी तो तीन  में देखा तो  समय लगेगा लेकिन  वह  policy जो नहीं पड़ेगी. कोई बात नहीं. हां मैं attach कर देता हूं आपको आप जो है उसको जी कोई बात नहीं नहीं. मोहम्मद ना जी. आप यह document भेज दीजिए. document receive होता है यह request मैं हम मैं यह हमारी team से कोई request forward कर देंगे. और इस बारे में आपको notification भी भेज दिया जाएगा कितना समय लग सकता है. ठीक"
f1748575-58a5-4456-8615-81eaa69dd226,"Good morning. My name is रितिका. calling you from Cred on a recorded line. Am I speaking with शिखा? Am I audible to are there. Am I audible to you, शिखा? Are you there? शिखा? Am I audible to Can I hear Are you there? Is there is no response from the customer side. I'm disconnecting the call from my end. as there is no response from the customer I'm missing the call from my end. Is there is no response from the customer side. I'm disconnecting the call from my end. Thank you for choosing cred. Have a great"
f248d160-5d6c-4895-9928-a9a3f951bd33,"morning. This is सुमित. I am here to assist you today. Can you speak कमल? Can you speak कमल? No sir only हिंदी and English. Ok ma'am  to    take loan in Last EMI hello. need  some time Today last date  already No,  not available. currently So I need to time  or  today Sorry, I'm unable to hear Just I'm putting your call on hold for a minute. Just be online. Thank nan nan है ना nan Hi मैं. So your problem is regarding the credit cash. Am I right? right ma'am today last yesterday fund is payment into your account but I have no balance. you need to  2 days. I need to some time. Last EMI Ok, I can completely understand. I can completely understand what you are going to and I'm really sorry. nan nan Just give me a few minutes, ok? while I'm looking into your profile, I'm just putting your call on hold for a minute while I'm checking this. Ok? Ok ma'am, no  no problem. you for being on hold my concern. So as I can check that the auto debit has been already initiated to your account. So as you told that you do not have fund right now. So I would request you to please arrange the fund because auto debit already has been done to your account and if in today you are unable to pay then the EMI charge will be done. So I request you to please arrange the fund. 1 more time please I don't understand     passed. Sorry, I'm unable to hear English solution No,  what  ma'am? Yeah, I need to some time, please don't have to initiate it. The fine amount is charged to the bank amount. Yes, what I can tell you that please arrange the fund because the auto debit already has been credited to your account. So I would request you to please arrange the fund and please pay Ok ma'am. arrange the ma'am. I know I need to maximum today or tomorrow ma'am. So today I need to today is the yes, today is the last date so I would request you to do it today. Ok ma'am, In case  today I will pay  ना fine amount is not applicable Fine fine amount is applicable or not applicable No sir. If you do not pay today, then if you pay tomorrow, then there will be a fine, what you say     So it's Yes. It's fine  only. So you will find that. fine amount is applicable tomorrow. Yes tomorrow I will pay fine amount is applicable today  paid  fine amount not applicable Yes, absolutely. Ok ma'am bank side PAN amount is applicable already initiated he told in auto debit already initiated Yes, auto debit is already has been initiated. So bank side fine amount is applicable right? Sorry, I can't hear bank side bank side bank side pin amount is applicable Yes, I want to tell you that, Please arrange the fund and please do it by today. Ok? Because the auto debit already has been arranged to your account. Right, ma'am. already  ICICI bank  morning showing. message nan 6  8 81 rupees towards to page of  to refunded to the   October 25 minute in   applicable to the written charges will be  in was Yes yes, I can hear you. So what I can tell you that if you do not pay by today  ECS  will be charged after tomorrow Means, after today, the ECS will be charged. In case today I  paid  any pin amount is not applicable right? Yes, if you pay by today then no final   But if there is tomorrow, then I will be charged. Ok ma'am, I will arrange and I am so sorry that the inconvenience has to you. I really understand your concern. I'm so sorry. this  ma'am 1 month EMI,  this month only travel  the month   time  actually. I completely yes. I can completely understand but I'm so sorry. But what I can do I can look after this matter ok. In future, if I am taking this as a feedback in future if I could I could Ok ok. Yes. Is there anything else I can help you with? credit cash is not available. credit cash is why not available. Just let me check. Just I'm putting your call on hold for a minute while I look into this. Ok. you for being on hold. Yes. So what I can check that your drawn request can be processed at this point due to  change in our lending partners approval criteria which has made credit cash unavailable So I would request you to please pay the EMI on time. So that we can approve it from our end also. And because also checking in our letting partner criteria this problem has paid. But I would request you to please pay this EMI on time, so that it will be available for you and I will be looking this for you in future. Ok? Yes. Is there anything else I can help you with? No ma'am, thank Great, before we end this call, may I request you to share your valuable feedback basis on our conversation. It will just take a few Ok. Great. I am transferring my call to our feedback IVR. You can select between 1 to 5, 5 being excellent and 1 being 4. Thank you for choosing Cred. I hope you have Ok ma'am. Yeah.  Ok. Ok. We request you to rate your experience with our expert on a scale of 1 to 5 with 1 you have just helped us improve the credit experience for all our members. Do reach out again in case of any other concern."
f30f7272-b779-4ba3-a5b4-362ff3b876fd,"morning. This is खुशी. I'm here to assist you today. Am I speaking to जी? Yes, this speaking actually I have paid premium amount #### take towards the renewal of my car insurance in ICICI Lombard. through Cred app but my policy is not generated. Could you please check it and arrange to provide me my policy? Sure, we'll be definitely helping you regarding to this. Don't worry. Please allow me a moment of time While I check the details once  I can help you with delivery. So when I am checking on the details where I can see that the policy you have purchased is for the vehicle number ending with ###. I believe you are talking about this. Yes yes. Ok, please allow me a moment of time While I check the details once I can help you in a better please be on the line valid check the details. Please allow me a moment. while check the details when I check  the details I can see that the policy that you have purchased it is a comprehensive policy you have purchased and it is from the ICICI Lombard you have purchased the policy. I believe you are talking about this only. Please allow me a moment while I check"
f5835063-6a52-4c87-bddb-8c4ac9a7bac5,"Good morning. This is शीना I'm here to assist you today. Am I speaking with संतोष? Yes Thank you for confirming your name. संतोष   your concern is in regards to 1 of the voucher that you team. Could you please tell me which voucher you're talking about and what is the issue you are facing? I don't know the voucher number  there are 2 gives actually. I  was charged that is the shipping  ###rupees  order. and it is I think to  10 days back 1 is for that where on file and 1 is for some   couple something like that but I haven't received any of those Ok, understood. Firstly, really sorry for the inconvenience. But could you please confirm if it's from agent and  it? Correct correct. Ok, thank you for confirming. So first really sorry for the inconvenience संतोष. but as you are telling me that you have redeemed the vouchers but you have not received the order confirmation or the product from their end. So No, I can see I can see for 1 of the shirt is there shipping but it is it is showing something it is showing that delivery area is not reachable. 1 of the order it was 2 days back It's not reachable. serviceable Ok, serviceable So the product has been shift back to the merchant or is it like what is the status right? No, I cannot see anything further. I just see that your product is the area is not serviceable Ok, understood. So regarding this I'll have to check the details from my end. place your call on hold for 1 minute? Yeah Yeah, दस का   आया you for being on hold. I'm really sorry for the long hold. Yes, संतोष regarding the as you mentioned that What is the voucher See as is not service  and the other 1 you have not received any kind of confirmation So Could you please confirm me if it's a did you are talking about that says has not serviceable since I  opened the mail there your order has reached  city. It was reached my city.  in the city and then arrive on Sunday fifth October it was mentioned and it was out for delivery also I think so  that not out for debit it is showing अच्छा that is the ship rocket sorry, ship rocket is the this team ship rocket is send. But when I click   track order now it is showing undelivered delivery area  serviceable Ok. So as it is not still mentioned that like, any kind of confirmation you have not received that the order was canceled, right? So they might be right, so they would be the second attempt to deliver the product. So I request you to kindly wait till 15 days from the time you placed the order. No no and within 15 days from order place  you'll receive the auto confirmation all the details from the merchant and any kind of details and the other product which you  like have please order all  the 1 that is from very forget So that also I request you to kindly wait till 15 days from the order placement as it is the coins came  which the orders where placed. Right? So    like it was a u came. So there was use order. So that is why  taking a bit longer for the merchant to share the details. So within 15 days from the order placement you'll receive the product details along with the track details. request you to kindly wait till then. Ok? No problem. And in case if  like  after that also you did not receive any kind of details or information. I request you to kindly reach out to us. We will definitely assist you regarding. Thank you. You're most welcome. Anything else apart from this I can help you No. Thank you. Thank Alright. Before we end this call, may I ask"
f7624e5d-ab5e-4443-8525-72e50d9094ad,"Good morning. This is शुभम. I'm here to assist you today. Am I speaking with सबा? Yes, correct. Thank you for confirming. As I can see you raised a concern regarding the payment issue, right? Yes, ma'am. I checked with my bank Axis bank they are the amount is not debited from   that account if that automatically will debited today or I need to pay in the credit app. I am so sorry exactly I didn't understand, can  repeat  the question again? I I already called credit this morning regarding the payment that the payment amount is debited But they have otherwise you need to check with my account in my Axis Bank account from which account the automatic debit nan Sorry for the inconvenience call you are facing you were saying that you for your  your payment No no, just just just 1 minute that in my account the amount is I mean  pay the amount is not debited from my account. I need to pay through Cred app or it will automatically debit from my account. Ok, I understand. You need to say like your your EMI date was today, right? yesterday on sixth But yesterday, Ok, I'm so sorry. but it was not debited. Ok, I'm so sorry. you're saying that your EMI date was yesterday but it's not debited from it's not auto debited from your account, right? But you have you was Yes, I did not maintain the sufficient balance yesterday. that the amount is not debited and I need to it will today it will automatically debit or I need to pay through credit you have to do manually payment. Just give me a minute, so I can check it. Can I put your call on hold for a minute, so I can check it. Thank you. I am so sorry for the long hold. and thank you for being connected, as you said you have to do manually payment because means you have to  payment by your own because it will not auto debit from your account. Because the due date has already done. Ok ma'am, I will pay through credit app. Ok. Anything else I can help you? No ma'am. Thank Thank you If if it's debit from the auto debit auto debit from the account, you can refunded I didn't understand. Can you repeat question suppose I have paid through credit app and it also auto debit from the Axis Bank from my  the auto from the account. Ok. you can refund Ok, you mean to say you mean to say like if you will going to pay today, it will auto debit or not right? No, it will not do it because your expire the due date was by sixth third October and it's already gone So you have to manually payment if you will manually it by today if you pay the EMI by today then it will not take then it will not auto debit again. Ok? Ok ma'am. Ok. Ok. Anything else I can help you? No ma'am. Thank you so Thank you before before we end this call, may I request  you to share a valuable feedback basis of our conversation. will take just a moment to give a feedback. Ok ma'am, I will Awesome, I will transfer your call to the feedback IVR. You can select between 1 to 5 5 being excellent and 1 being poor. Thank you for choosing Cred. Have a have a great day. We request you to rate your experience with our expert."
f765063e-85be-47a5-9fb0-eeecf3906e84,"nan nan Good morning. जाना this side. I am here to assist you today. Am I speaking with विपिन? Yes sir. Thank you for confirming your name. I can check you are concerned about the payment of #### rupees and 5 पैसे which you did towards भारत gas cylinder on 20 sixth of September using credit UPI Thank you for confirming the details of the transaction. I can check that this payment was successfully settled from our end towards your भारत gas cylinder and we also receive the payment  confirmation from their end regarding this transaction. But your concern is that this payment is not updated on your account from भारत cylinder Thank you for confirming. We sincerely apologize for the inconvenience caused to you regarding this transaction. Rest assured we are there to help you with the same. I will request you to please provide us with a screenshot or PDF. from the official account of your भारत gas cylinder from the official portal any official website or official application. of भारत gas cylinder where this payment which you date from Cred application is not reflecting on your account from भारत case cylinder Yeah. already checked the history. it's not showing me order booking order itself. Ok. So we need the screenshot of the same thing that payment which you did from Cred is not showing on your official portal of भारत gas cylinder please provide us with the screenshot of the same. Ok but I want but I won't get the customer are in that  is it? I can really apologize could you please tell me again your voice was not clear. We won't get that customer ID consumer ID details in that  just have the purchase history. have Yes. I have I have to take the photo  another mobile actually the on the screenshot. Ok, I am understanding your point. We apologize for the inconvenience. You can click a picture or make a video using another mobile device. and attach the same on the link. I have provided you a link on your registered mobile number via SMS. Please attach the required file on this link. And please also check that the consumer number is visible in the screenshot which you are providing with Sure. Thank you for understanding will you be attaching it right now over the call or after this call? Yeah I will do After this call or over this call, sorry. call. Ok. So I am waiting. Could you please confirm me have you received that link? Yeah yeah yeah. have Ok, please confirm me once the file is successfully uploaded. Are you attaching the file सतीश? Yeah  do. Yes Ok ok Take your time. nan you for providing the side. Yes. I'll check Please allow me a May I place this call on hold for 1 nan nan Thank you for providing the relevant file. So on the basis of the file which you have attached with us. We have forwarded this concern further to our internal team. The maximum time which we have received from our team is of fifteenth October, but I would like to inform you that it is just a very maximum time frame. Within this time frame. As soon as we will get any update from our internal team we will update you with the same. we will update you via WhatsApp notification and you will you can also check the update in support section in Cred application. Ok? So what is the out come have expect? The as we can check as of now, this payment was successfully settled from our end towards your भारत gas cylinder, you can also find the transaction reference ID for this payment over the Cred application only. So as soon as we will receive any update regarding your concern from our internal team, then only we will be able to update you with the same. I will request you to please allow us within the maximum time frame. so No, I guess the time frame but See, should I  actually    second  week like So should I do another booking or will get a refund only  Saturday. If you need your cylinder in like it is urgent then you can do another booking if this payment as we can check has been already settle towards your भारत gas cylinder, So this will be adjusted with your next bill or else if there would be any issue from our end, then in that case we will be refunding that amount. But as of now we can check that this payment has been successfully settle towards भारत gas cylinder So I will request you to please allow us some time. As soon as we will get any update  from our internal team regarding your concern then only we will be able to update you with the same. and we will try our best to give you the update as soon as possible from our So the within the maximum time frame Thank you so much for understanding. Is there anything else apart from this for which I can help you right now related to Ok, thank you, वेंकट. Before we end with this call, would you like to share your valuable feedback based on our conversation? Yeah, sure. Thank you. So for that I am transferring your call now to our feedback IVR. There you can select between 1 to 5. 5 being excellent and 1 being poor. Thank you for choosing Cred. Have a great day ahead. We request you to rate your experience with our expert on a scale of 1 to 5 with 1 you have just"
f8327a01-959e-42e1-b48b-f18d569206df,"morning.  How may I assist you today? Am I speaking to गणेश? Yes ma'am. you for confirming your name दिनेश. दिनेश I can see that you have raised a call request for your  number which is ending with ###. and you have mentioned that you are facing some of the error. insurance policy is not showing. I'm sorry for this. Can you please elaborate how can help you regarding Actually ma'am मेरा policy insurance  करना अपना bike हां, but जैसे  मैं  पर click करता हूं तो कोई policy  show नहीं हो रही वहां पर. बेहद माफ़ी चाहेंगे आपको यह परेशानी हुई है. आप निश्चिंत रहिए इसके regarding हम आपको ज़रूर समय करेंगे. मैं request करूंगी आपसे आप kindly please line पर बने रहिएगा. मैं check कर ले  details को ताकि मैं आपको इस विषय में सही से help Please line पर बने रहिएगा गणेश. nan जान सकती हूं आपने यह policy जो purchase किए थे यह policy आपने जो है credit के द्वारा purchase किए या फिर outside एक credit पर किया मुझे एक minute का समय दीजिएगा. मैं check कर लेती details को ताकि मैं आपको सही से help कर nan nan nan Ok गणेश जी जब मैं details check कर रही हूं यहां पर show हो रही है कि आपकी policy जो है जो कि आपने policy purchase किए थे यहां से. यहां पर देख पा रही हूं कि आपने ICICI Lombard से जो है own damage policy purchase की थी. I believe आप इसी की बात nan Yes मुझे एक minute का समय दीजिएगा मैं check कर लेती  details हां. हां बोल रहा हूं. जब आप policy की details check करें तो क्या issue आ रही है वहां पर आपको वहां पर show नहीं हो रही है आप बता रहे हां कोई भी policy कोई भी policy आपको show नहीं हो रही हां जी कोई नहीं. पर जब मैं यहां पर details check कर रही हूं show हो रही है आपने जो policy purchase की है जो कि ICICI Lombard से own damage policy purchase की है show हो रही है आपकी policy जो है start हुई है 8 November ###से जिसकी valid Kindly nan Madam यह तो  यह तो show है मैं इसकी बात नहीं कर रहा हूं. मैं इसको renew कर रहा हूं ना  की date  चुकी आप policy renew करना चाहते Ok जैसे कि आप बता रहे थे कि policy show नहीं हो रही है मतलब आप policy renew करना चाहते हैं तो कोई quotation आपको show नहीं हो रही है जी जी जी. Ok, बेहद माफी चाहूंगी आपको यह परेशानी हुई है आप निश्चिंत रहिए इसके regarding हम आपको ज़रूर सहायता करेंगे. मैं जान सकती हूं आप क्या कोई specific insurer के लिए check करें या फिर कोई भी insurer के लिए आप जानना चाहते nan मैं देखना चाहूं मैंने जो best रहेगा बोलूंगा मुझे एक minute का समय दीजिएगा. मैं check कर लीजिए  details जी nan line पर बने रहिए. No. Ok, जैसे कि आप बता रहे हैं कि आपके पास जो है कोई भी renewal के code के options नहीं आ रही है. तो आपको बताना चाहूंगी इसके regarding हम internal team के पास concern को आपकी raise करेंगे. पर उसके लिए आपको request करूंगी कि आपको जो error आ रही है जहां पर आपको कोई quotation show नहीं हो रही है उसकी snapshot कर दीजिए मैं आपको एक link share करूंगी आपके calling number पर SMS के द्वारा. जब उस link पर click करेंगे तो आपको credit application में out करेंगे वहां पर आपके पास add attachment का एक option आ जाएंगे वहां से आपको जो nan वहां से जो है आपको एक app जो है share करनी होगी and आपको यह भी बताना चाहूंगी कि आप app जो है वह आप Cred application से नहीं ले पाएंगे, so kindly दूसरे device use करके snap चलिए ठीक है. call मैं call पर बने हूं आपके साथ can you please हमें app share कर दीजिए. अभी अभी नहीं हो पाएगा ma'am तो time   करूंगा. Ok in that case मैं आपको बताना चाहूंगी मैं फिर आपका जो ticket जो है वह open रख रही हूं और आपका calling number ending है ###से So मैं request करूंगी आपसे अब मैं आपकी ticket को जो है open रख दे रही हूं. आप kindly please जो है जब आप share कर पाए तो kindly please share कर दीजिएगा. ऐसे ही आप हमें screenshot share करें हम आपको इस विषय में update share करेंगे through WhatsApp notification. I'm sorry, आपको इस विषय में"
f86f4040-413a-4292-b61e-bfbc2f81461c,"Good morning. This is नीता. I'm here to help you today. Am I speaking with दक्षित, पांच. Good morning. This is रफीक. I'm here to help you today. Am I speaking with दीक्षित पांच Am I audible to Am I audible to you? Am I audible to you? Yes yes you are audible. Ok. So  I'm here to help you today. Am I speaking with दक्षित, पांच right? Yes yes. Ok. So  so I can see that you have raised a call me now request regarding the vehicle number ending with ###. It's a own damage policy from Go Digit, but the policy is not issued  yet. Yeah. Ok. I'm really sorry for the inconvenience caused you, but definitely  assist you with the same. So in that case, I have to raise this concern to the internal team. Please allow me a nan if  I have renewed Your voice is very low actually I cannot hear Just just hold for 1 minute. Yes, am I audible to Ok. So I am saying that I No I did My voice is that is I am saying that the policy which is not get issued to you and pending. I'm raising the concern to the internal team to work on it. We'll get back to you with an update on very soon. the maximum timeline would be thirteenth of October. But don't worry, since this is a system generated timeline. So it might be possible that we will get back to you with an update on it on or before the given  Ok? Yes yes. But in  credit, there is showing like your KYC   right? and  for    also renewed the ICICI Lombard. it  in in that  this kind of this is app. So I have received the policy  this is both are different. I can understand  very sorry for the experience which you have. But I would like to inform you that don't worry it is there we will get back to you with  on this. Ok? Don't No, that is fine. But people are calling me everyday 1 or 2 times  messaging me like the policy is expired in that kind of both  extra app. But as I can see over here there is you are saying  complete alright? Right. So, if you can there is no nan saying that So in that case, I would like to tell you that more than call and if any  KYC  request you, it will be definitely informed by us. Ok? So, Am I audible? Ok then Yes yes अभी. Alright. So anything else I can assist you with regarding this? No Before we end this call, may I request you to share your valuable feedback based on the conversation I would just take a is हां. Yes, I'll just transfer your call to the feedback IVR. You can rate your experience on the  1 to 5   and 1 being Thank you for choosing Cred. Have a great day. Ok ok. We request you to rate your experience with our expert on a scale of 1 to 5 with 1 being poor and 5 being excellent. Please press the number on your dial pack to You have just helped us improve the credit experience for all our members. Do reach out again in case of any other concerns. Thank you and have a good day."
fc5e2a50-6c0e-42fa-b6c8-c8fdb01cc696,"morning. This is रीशा. I am here to assist you today. Am I speaking with रवि? Yeah. Actually, I won  reward for swiping 1 membership but when I am applying the code it is not applicable I have attached the screenshot of thing. Thank you for confirming your name and  issue. will be checking it out right away. sorry about the inconvenience caused to you. It is just taking me some time. to check the screenshot which you have shared with us regarding Please allow me a minute, so I can just look into the details of your concern, ok? Yes, may I put your  call on hold for a Thank you for your understanding and patience. Kindly be on the line.   check the details from nan Thank you for staying connected me. So I can see that your the screenshot which you have shared with just please check if the coupon is expired and eligible or update your Ok. Yeah. I have change the app is updated. Right. So, this regarding your coupon which you got for your credit card bill payment membership. for 3 months or Swiggy. Thank you for confirming that. So then we can you please confirm that all the terms and conditions we followed Ok. And this is the first time you're trying to use this coupon yet you are facing this issue. Right? Yes yes. Understood. Thank you for confirming all of we Sorry for this inconvenience caused but not to worry definitely we will try our level best to assist you regarding this. I'll raise your concern shortly to our internal team so they can look into Please allow me some time. I can see you got this on fifth of October. I got it today you got it to be ok? did get it today I am very sorry for the mis information. Currently raising your concern  on the call meanwhile Yes,  I have raised your concern successfully to our internal team right now, so they can look into this and we will be providing you with an update regarding this on or before  tenth of October. Ok. So there will be a callback from your side only or there would be a mail or message? Yes, I will let you know so there might not be a call from our end. You will be receiving the update on WhatsApp and you also  able to see it on the support section of the credit. Ok,  keep tracking Ok ok. your WhatsApp and the support section, we will try to provide you with the update as soon as possible from our end. Ok ok. Yes. So  as of now may I assist you with anything else regarding  apart from this? No. Thank Alright. So before ending the call, may I request you for your valuable feedback basis our conversation? Yeah. Ok. Thank you so much for your kind then. I'll be transferring the call to an IVR where you can rate the conversation from 1 to 5.  1 is 4 and 5 is excellent. Thank you for choosing  I hope you have a great day. You too. Thank We request you to rate your experience with our expert on a scale of 1 to 5 with 1 being poor and 5 being. You have just helped us improve the credit experience for all our members. Do reach out again in case of any other concerns. Thank you and have a good day."
fc5f0507-3971-4cd5-a008-7aa62fbcd4a6,"nan nan Good afternoon Good morning, this is श्वेता. I am here to assist you today. Am I speaking with सुजय? Yes ma'am. you for the name confirmation. I see your request is related to EMI repayment charges. actually today was the mandate for the EMI and due to sufficient balance I forgot the today is the EMI. But   sufficient balance I got the message that the there will be application applicable return charges will be limit. So now I have the sufficient balance account. So 2 questions what will be the charges and how to pay that EMI. Ok. I understand the concern you are facing right now. apologize for the inconvenience to you. Please be assured here to assist you with the same. So for that we have a relevant team. We can assist you in this matter in a better way. So you have taken this loan from the credit cash, right? Ok so may I transfer your call to the relevant Sure sure. Ok. For that, may I place your call on hold for a minute? you for being on hold Ok. Yes. Yes, from our relevant team रेशमा is here we will assist you further. Over to you रेशमा I'm dropping this call from my end. Thank you. Thank you श्वेता.  morning शुभ. My name is रेशमा I will be assisting you further regarding your query. Yes ma'am. the problem is Yes. So as Actually, the EMI is today schedule for today. but due to sufficient balance I forgot that today's payment But due to that I got a message that there will be applicable written charges. will be and now I have the good balance in the  account for the EMI. nan But like how to pay that EMI and what will be the charges? and possible that can be  revert will surely help you out regarding your query and extremely sorry for the inconvenience caused to you. But do not worry. I will surely help you out regarding your query. So as I can check that in credit cash you have 1 loan and the total principle amount for that loan it is 1 lakh ###rupees. and the EMI amount is ###rupees. and I can check that the due date is on seventh of every month. So on the due date starting from 12 AM auto debit is initiated and it can get revert at any point of time. So when the auto debit was  it was not successful due to insufficient funds in your bank account and you got the SMS that the ECS will be charged  from the bank side. right? Yes yes. extremely sorry for the inconvenience caused to you. But regarding this, I would like to tell you that regarding the ECS regarding the auto debit auto due date auto debit is initiated just once and also I can check the auto debit is auto debit regard so it will not get figure once again. So right now you have to make the manual payment and extremely so to say but we cannot help me for the charges which will be charged to you. Because that is charge from the bank So what will be the charges Do you know? I can just give you an approximate figure because I can check the mandate account which you have set up for the auto debit is of ICICI Bank, right? Yes right. So different bank charges different mandate bounce charges but for the ICICI Bank, I can just give you an approximate figure. the amount can be create than that figure or it can be you know, less than that that figure. जी जी. Yes, it is  just  approx amount the amount is 500 Ok ok. Ok. So how to pay that this EMI Yes so manually. Yes, from the Cred application, you will get the option to make the manual payment So from there you have to make the payment because the auto debit will not get regard once again. Ok. Ok ok. and next can I foreclose this loan If you wish to foreclose your loan right now you can definitely do that instead of paying your EMI amount you can directly foreclose your loan you will get the option to foreclose your loan. But once you are making the EMI payment. So after that you cannot foreclose the loan because it will take some time to get updated. Once it is updated, then you can foreclose your loan. Ok but is there any like for closure charges or is there any offer there are  for closer charges If you wish to foreclose your loan till the foreclosure date the interest charge to you on a daily basis which means till date the interest charge to you on a daily basis. that is the interest which you have to pay and the remaining principle amount. sorry like I don't I didn't understand what Ok, not an issue. I will definitely explain So I would like to tell you that for example you wish to foreclose your loan today. Ok? So from your due date, the last due date was on September right? So from seventh September till today the interest charge to you on  daily basis. That is the interest which you have to pay and the remaining principle amount the remaining amount which is left the principle amount that is the amount which you have to pay You don't have to pay the interest for the remaining months which are Ok ok. Yes. So is it like some offer for me only or it is by default I can go now and in the app and directly pay the full amount. Yes yes you will get the option to make the foreclosure payment, but as you asked me about the foreclosure So I would like to tell you that if you are paying your EMI amount currently you will not get the option to foreclose your loan But if you wish to foreclose your loan before making the EMI payment definitely you can do that from the credit application. Ok. So just to clarify like I have 5  EMI remaining including this 1 that like ###something is the EMI. So, 1 to 5 what I think #### is a remaining portal. only out of that this interest for the last month and the principal for next 4 months No interest for the next  month. Correct. So I would like to tell you that the principal amount which is left it is ###rupees 9 पैसा. Ok ok. So that is the principle amount and the interest charge to you till today it is ###rupees 6 पैसा. So if you include the principal amount and the interest the foreclosure amount will be 79 75 rupees  9 percent. Ok ma'am ok. So to foreclose and to pay EMI I have to directly  go through the app, ok? Yes, ok. Ok. So, yeah, I will pay the EMI or the foreclosure. I'll check with So apart from this, is there anything else I may assist you? Thank No for now it's nothing. Ok. So before we end this call, may I request you to share your valuable feedback basis on the conversation we just had Sure sure Alright. So I will transfer this call to the feedback IVR. Over there you can select between 1 to 5. 1 being poor and 5 being excellent. Thank you for choosing Cred. I hope you have a great day. Yes. We request you to rate your experience with our expert on a scale of 1 to 5 with 1 being poor and 5 being excellent. Please press the number on your dial pack to You have just helped us improve the credit experience for all our members. Do reach out again in case of any other concerns. Thank you and have a good day."
fc7499c9-059e-41f1-8402-5a3572ea0559,"Good morning. This is किरण. I'm here to assist you today. Am I speaking with रंजीत? करते हैं Thank you so much for the confirmation. As I can see that you have raised a call me back request regarding  your concern KYC nan Madam, can you speak तमिल? तमिल I'm really sorry. As I can not speak in तमिल language. I can speak in हिंदी or English. and if you want in a तमिल language then I can set a callback for you and you will get a callback in next 24 hours. Ok ok ok no problem ma'am. I want to Yes, please me. Ma'am, I need KYC update in my insurance but  not show him I have updated how to update my KYC. Please allow me a moment  let me quickly check this रंजीत and I am really sorry for the inconvenience Ok ok. Yes, I can see that your KYC is  pending status. Ok? Ok ok. So for that I would like to inform you, kindly share anyone of the document like either आधार passport, voter id or riding license or the रंजीत कुमार Ok Oh, ok. nan And for that, I'm just going to share Can I can can I share? for that I am just going to share a link with you. Ok madam. Yes, I have already shared a link with you via SMS to your calling number which is ending with ###. Ok. Please check it whether I received the link or not? link or link to take. Have you received the link? Yeah yeah  yeah, this is So please please click on that. Please click on that link. Ok ok. That link will redirect you to the Cred application where you Ok ma'am. get an option for add more. nan Ok ok madam. and you need to attach the document. Ok हां. please attach the document  and the"
fd74ffe7-aebd-4ac1-bb4a-71832b3eaa41,"Good afternoon this is Good afternoon. This is  I'm here to assist you today. Am I speaking with सौरभ? Yeah, speaking. Thank you.  I'm really sorry good morning. This is किरण. here to assist you today. Am I speaking with सौरभ? Yes speaking. Thank you so much for the confirmation. As I can see that you have raised a call me back request regarding to your concern  insurance policy right? Alright. So  I would like to confirm your vehicle number which is ending with double 1 double 0 Please allow me a moment and let me  check the details. Yes, as I can see that your policy is activate yet. since the payment got successful, right? I'm not able to hear you early. Am I audible to you? Ok so I can see that your payment got successful but the policy is not activated yet. Yes. That's what I want to know Ok I am I'm really sorry for the inconvenience that caused but I can see that for that your concern has been already raised on yesterday itself and we have already shared you the maximum timeline as well that by twelfth of October. No, I can't wait for twelfth October. if it's not possible by today please refund my payment. I completely understand your my card my  previous policy is expired so I can't I completely understand your concern, but I would like to inform you that for the cancellation we have to raise the concern and for that also you have to wait for some time because there will be some maximum timeline which we need to share with This is not the right way of doing this ना? for that how can I wait for more days for my card will  I am not able to use my Yes, but I would like Then you will make the refund right now, right? But refund is not possible from our end to generate right now onwards, But we can generate cancellation request for that it will take another 3 or 4 days to get an confirmation about the cancellation request on and before we will share you the cancellation request details as But it will take time. I can raise the concern for the cancellation request. Then what is the status of my insurance then? As I can see from my end that the status is showing still in the pending status and our team is working in that and they would request you to please wait for some time. nan I'm not getting this  whenever I call you people that you say the same thing you wait for you, it's not under process. Yes, because but what is like what is the setup If it's possible or not, you should tell me, right? can I wait for 6 days for  insurance renewal. Yes, that is Yes, our team is working on that itself. once we receive any update from our backend team you will be inform immediately via WhatsApp and the timeline which I have shared with you. That is the maximum timeline. that that is I made a payment on Saturday. Now, today is almost 1  day when   today. you are taking so much time to insurance insurance. I'm really sorry for the inconvenience that caused but that to my insurance expired I paid before my expiry What kind of work you are doing what kind of response you are giving to the customer. Really sorry for the inconvenience that caused but the concern has been already forwarded सौरभ. नहीं you should have  you should have like transfer right? no you are telling me that is  being processed.  your backend team is working What kind of  they are doing for the 3 past 3 days that my insurance policy cannot be generated. Then we refund my money ना? I can happen that you are not able to process then you give me my money let me in a position that I am not able to use my card also and I am not going to get my refund also so that I can write from outside You please connect me to your senior or any management thing that I can convey my issue. will also tell you the same thing. Please try to understand but the concern has been already No no no, I can't understand it now ma'am. Ma'am I have waited for 3  after my expire.  so I waited 1 more it cannot be done like you have to connect me to the either the insurance authority or your management is working on this particular issue, For that I have to check that whether someone is available or not at this time. For that, may Yeah, please check it.  I want a I want a resolution today. Otherwise, it's not possible for me to wait anymore.  I was I have only the and agent people I need the card today. Ok. So for that, may I please place the call on hold for 1 minute so that I can check? Yes, please place it on hold and I want to I get a resolution today Please be online. I am just checking it So you so much for being on hold. Yes I am really sorry for the long hold सौरव. so I have checked actually at this time no 1 is available but I can set a callback for in next 2 hours in next in next 2 hours. our supervisor will give you a callback after 2 hours ok. Ok, please do Yes, I am just going to schedule this call back after 2 hours. So please wait for that time. our super wise and will reach you out for this, ok? and ma'am please make a note of it that is my insurance is not being done by today I got the money back today. I know how what your process  backend team whatever they are doing I don't want to know all Do it either by today or give   my money back just keep a note and inform you supervisor whatever who is this thing person? Alright. I am just going to take a note of 1 more thing I would like to inform you   that I'm just going to close your new ticket which you have raised now and I'm just going to merge this with the previous 1 where the concern has been already handled Ok? Yes, whatever your You are doing it. Is there anything else I can help you with? No. before we end the call may I request you to share me your valuable feedback? No, ma'am. I'm not      something So before we end the call may I request  ok thank you so much for choosing Cred. Have a wonderful"
fdbce94a-5e71-4c21-8753-2adbd44dd2af,"morning. My name is. I'm here to assist you today. Am I speaking with विवेक? Yes yes, I am just talk with the car insurance nan It's asking me to do the KYC I don't know how to do Sure. I completely understand your concern. I'm extremely sorry you're facing this issue. But please do not worry. I will definitely help you on this. So, निकिता as I can check you have purchased this policy  third party policy and previously also you have connected with us and we have raised your concern to days back. and I would like to inform you that as of now, the KYC is not required for this. Ok? So if it is required we will connect with you. And the maximum timeline for the update that has been shared with you is eleventh of October. So on or before eleventh of October from our end, we will give you a WhatsApp notification with an update. Ok? No no no, I have been receiving call from credit saying, I have to finish the KYC for the car thing, then only it will get activated. Ok? Definitely understood. But  from my end, as I can check the  is not  as of now. It might be possible that you are receiving call for the same. But as of now you can more that call. If it is required we will give you a WhatsApp notification for the update. Ok? Ok, right now I don't have to do anything? Yes, you do not have to do anything   KYC. Ok? Ok ok, sure. and sure. You're welcome and also I would like to inform you that you have raised another ticket for this concern and I'm urgent both the ticket and you will be getting all the update on the ticket ID   ###. Ok? Ok ok I will wait till 11. Sure sure. Thank you so much for your kind understanding. So is there anything else I can help you? No no. Thank You're welcome. So, before we end this call, may I request you to share your valuable feedback based on our conversation? Great. I will transfer your call to the feedback IVR. You can select between 1 to 5. 5 being excellent and 1 being poor. Thank you so much for choosing. Have a wonderful We request you to rate your experience with our. You have just helped us improve the credit experience for all our members. Do reach out"
fedc9f4c-5f12-471f-b0b9-5971716d3478,"morning. This is शुमित. I'm calling you from Cred on a recorded line. Am I speaking with सिमरन गया? the call got disconnected that's why I am calling you back. Is this a good time to talk to Ok. upload madam आधार करो PAN you have already uploaded uploaded. Ok, but I haven't received yet. Please be online. नहीं हां I haven't received it till now. Ok. have shared I haven't received the document till now. that So you have shared the document using the link right that you have provided Yes madam. But till now I haven't received the document yet. Can you please share it again? उसका link open madam nan nan nan Link  open madam  are  open है clicking on the link, you might get 1 option nan as add attachment. nan clicking on add attachment you can upload the document picture or PDF. Am I audible to Am I audible to you, शिवा? Am I audible?"
